app,category,rating_raw,n_reviews_store,installs,price_raw,genre,rating_norm,prob_positivo,sentiment_label,score_fuzzy
Coloring book moana,ART_AND_DESIGN,3.9,967,"500,000+",0,Art & Design;Pretend Play,0.725,0.7024597337143199,Positivo,8.7634
Garden Coloring Book,ART_AND_DESIGN,4.4,13791,"1,000,000+",0,Art & Design,0.8500000000000001,0.7890956698550826,Positivo,8.8333
FlipaClip - Cartoon animation,ART_AND_DESIGN,4.3,194216,"5,000,000+",0,Art & Design,0.825,0.863327616728002,Positivo,8.8333
Boys Photo Editor - Six Pack & Men's Suit,ART_AND_DESIGN,4.1,654,"100,000+",0,Art & Design,0.7749999999999999,0.7664876879230549,Positivo,8.8333
Colorfit - Drawing & Coloring,ART_AND_DESIGN,4.7,20260,"500,000+",0,Art & Design;Creativity,0.925,0.7505068878546152,Positivo,8.8333
Animated Photo Editor,ART_AND_DESIGN,4.1,203,"100,000+",0,Art & Design,0.7749999999999999,0.7675759896906683,Positivo,8.8333
Anime Manga Coloring Book,ART_AND_DESIGN,4.5,5035,"100,000+",0,Art & Design,0.875,0.7706474178049465,Positivo,8.8333
Easy Origami Ideas,ART_AND_DESIGN,4.2,1015,"100,000+",0,Art & Design,0.8,0.678305778672585,Positivo,8.7253
Floor Plan Creator,ART_AND_DESIGN,4.1,36639,"5,000,000+",0,Art & Design,0.7749999999999999,0.7787483649701795,Positivo,8.8333
"Canva: Poster, banner, card maker & graphic design",ART_AND_DESIGN,4.7,174531,"10,000,000+",0,Art & Design,0.925,0.7452553497438212,Positivo,8.8267
CDL Practice Test 2018 Edition,AUTO_AND_VEHICLES,4.9,7774,"100,000+",0,Auto & Vehicles,0.9750000000000001,0.8238842389106803,Positivo,8.8333
Free VIN Report for Used Cars,AUTO_AND_VEHICLES,4.6,2431,"100,000+",0,Auto & Vehicles,0.8999999999999999,0.8337140142043667,Positivo,8.8333
DMV Permit Practice Test 2018 Edition,AUTO_AND_VEHICLES,4.9,6090,"100,000+",0,Auto & Vehicles,0.9750000000000001,0.8585091312240625,Positivo,8.8333
"Android Auto - Maps, Media, Messaging & Voice",AUTO_AND_VEHICLES,4.2,271920,"10,000,000+",0,Auto & Vehicles,0.8,0.8053192794389308,Positivo,8.8333
Best Car Wallpapers,AUTO_AND_VEHICLES,4.5,994,"100,000+",0,Auto & Vehicles,0.875,0.3921525255629302,Negativo,4.982
BEST CAR SOUNDS,AUTO_AND_VEHICLES,4.3,348,"100,000+",0,Auto & Vehicles,0.825,0.7875073211163551,Positivo,8.8333
AutoScout24 Switzerland – Find your new car,AUTO_AND_VEHICLES,4.6,13372,"1,000,000+",0,Auto & Vehicles,0.8999999999999999,0.8169982194474508,Positivo,8.8333
Fuelio: Gas log & costs,AUTO_AND_VEHICLES,4.6,65786,"1,000,000+",0,Auto & Vehicles,0.8999999999999999,0.8458752189298707,Positivo,8.8333
"BestCam Selfie-selfie, beauty camera, photo editor",BEAUTY,3.9,1739,"500,000+",0,Beauty,0.725,0.5630081200469035,Positivo,6.741
Hairstyles step by step,BEAUTY,4.6,4369,"100,000+",0,Beauty,0.8999999999999999,0.8652531679437372,Positivo,8.8333
Filters for Selfie,BEAUTY,4.3,8572,"1,000,000+",0,Beauty,0.825,0.668690372222401,Positivo,8.7096
Beauty Camera - Selfie Camera,BEAUTY,4.0,113715,"10,000,000+",0,Beauty,0.75,0.6353327670620558,Positivo,8.2768
Filters for B Live,BEAUTY,4.4,2280,"500,000+",0,Beauty,0.8500000000000001,0.7084634822055748,Positivo,8.7727
Dresses Ideas & Fashions +3000,BEAUTY,4.5,473,"100,000+",0,Beauty,0.875,0.7926391005605747,Positivo,8.8333
Amazon Kindle,BOOKS_AND_REFERENCE,4.2,814080,"100,000,000+",0,Books & Reference,0.8,0.6172949452782763,Positivo,7.8343
Cool Reader,BOOKS_AND_REFERENCE,4.5,246315,"10,000,000+",0,Books & Reference,0.875,0.6973744659081863,Positivo,8.7555
Dictionary - Merriam-Webster,BOOKS_AND_REFERENCE,4.5,454060,"10,000,000+",0,Books & Reference,0.875,0.6881092928481028,Positivo,8.7409
Free Panda Radio Music,BOOKS_AND_REFERENCE,4.5,418,"100,000+",0,Books & Reference,0.875,0.623747730121238,Positivo,7.9868
FBReader: Favorite Book Reader,BOOKS_AND_REFERENCE,4.5,203130,"10,000,000+",0,Books & Reference,0.875,0.7632254961155487,Positivo,8.8333
AlReader -any text book reader,BOOKS_AND_REFERENCE,4.6,90468,"5,000,000+",0,Books & Reference,0.8999999999999999,0.7892122930666521,Positivo,8.8333
FamilySearch Tree,BOOKS_AND_REFERENCE,4.3,17506,"1,000,000+",0,Books & Reference,0.825,0.7254881665855755,Positivo,8.7982
Ebook Reader,BOOKS_AND_REFERENCE,4.1,85842,"5,000,000+",0,Books & Reference,0.7749999999999999,0.8152912574184632,Positivo,8.8333
All Maths Formulas,BOOKS_AND_REFERENCE,4.4,2709,"1,000,000+",0,Books & Reference,0.8500000000000001,0.8221256472351047,Positivo,8.8333
Ancestry,BOOKS_AND_REFERENCE,4.3,64513,"5,000,000+",0,Books & Reference,0.825,0.7643401441738371,Positivo,8.8333
HTC Help,BOOKS_AND_REFERENCE,4.2,8342,"10,000,000+",0,Books & Reference,0.8,0.519115656813914,Positivo,6.5
English-Myanmar Dictionary,BOOKS_AND_REFERENCE,4.4,8788,"1,000,000+",0,Books & Reference,0.8500000000000001,0.8306290049701641,Positivo,8.8333
Golden Dictionary (EN-AR),BOOKS_AND_REFERENCE,4.4,51269,"1,000,000+",0,Books & Reference,0.8500000000000001,0.7830027774702173,Positivo,8.8333
All Language Translator Free,BOOKS_AND_REFERENCE,4.4,30105,"1,000,000+",0,Books & Reference,0.8500000000000001,0.8651647178707779,Positivo,8.8333
Azpen eReader,BOOKS_AND_REFERENCE,3.5,156,"500,000+",0,Books & Reference,0.625,0.6510261954821333,Positivo,8.0171
Docs To Go™ Free Office Suite,BUSINESS,4.1,217730,"50,000,000+",0,Business,0.7749999999999999,0.6954217235166426,Positivo,8.7525
Google My Business,BUSINESS,4.4,70991,"5,000,000+",0,Business,0.8500000000000001,0.7011224157571344,Positivo,8.7614
Curriculum vitae App CV Builder Free Resume Maker,BUSINESS,4.5,4458,"500,000+",0,Business,0.875,0.7970630872076678,Positivo,8.8333
Facebook Pages Manager,BUSINESS,4.0,1279184,"50,000,000+",0,Business,0.75,0.5295594992548672,Positivo,6.5
Box,BUSINESS,4.2,159872,"10,000,000+",0,Business,0.8,0.7649393048830357,Positivo,8.8333
Call Blocker,BUSINESS,4.6,188841,"5,000,000+",0,Business,0.8999999999999999,0.5817008804415528,Positivo,7.0891
Easy Installer - Apps On SD,BUSINESS,4.1,23055,"5,000,000+",0,Business,0.7749999999999999,0.5385373706475692,Positivo,6.5
Facebook Ads Manager,BUSINESS,4.1,19023,"1,000,000+",0,Business,0.7749999999999999,0.5888099996167896,Positivo,7.2263
Genius Scan - PDF Scanner,BUSINESS,4.4,42492,"1,000,000+",0,Business,0.8500000000000001,0.8079324838373996,Positivo,8.8333
Fast Scanner : Free PDF Scan,BUSINESS,4.5,103755,"10,000,000+",0,Business,0.875,0.8225229421043597,Positivo,8.8333
Google Ads,BUSINESS,4.3,29313,"5,000,000+",0,Business,0.825,0.6636134595307976,Positivo,8.7013
FreshBooks Classic,BUSINESS,4.1,1802,"100,000+",0,Business,0.7749999999999999,0.5806686435338105,Positivo,7.0695
HipChat - Chat Built for Teams,BUSINESS,3.8,5868,"500,000+",0,Business,0.7,0.4440991381062452,Positivo,6.3103
Crew - Free Messaging and Scheduling,BUSINESS,4.6,4159,"500,000+",0,Business,0.8999999999999999,0.8558043980534109,Positivo,8.8333
Asana: organize team projects,BUSINESS,4.3,20815,"1,000,000+",0,Business,0.825,0.7510080616250377,Positivo,8.8333
AdWords Express,BUSINESS,4.1,7149,"1,000,000+",0,Business,0.7749999999999999,0.6028923128044379,Positivo,7.5134
Accounting App - Zoho Books,BUSINESS,4.5,3079,"100,000+",0,Business,0.875,0.8036967341869683,Positivo,8.8333
Cisco Webex Meetings,BUSINESS,4.4,108741,"10,000,000+",0,Business,0.8500000000000001,0.6489455111050452,Positivo,8.6482
Cisco Webex Teams,BUSINESS,4.2,1661,"100,000+",0,Business,0.8,0.5665761816698711,Positivo,6.8068
DC Comics,COMICS,4.2,25671,"1,000,000+",0,Comics,0.8,0.8876941701286156,Positivo,8.8333
"Best Wallpapers Backgrounds(100,000+ 4K HD)",COMICS,4.7,3596,"10,000+",0,Comics,0.925,0.7455220552003154,Positivo,8.8271
Gmail,COMMUNICATION,4.3,4604324,"1,000,000,000+",0,Communication,0.825,0.5261522247497186,Positivo,6.5
Hangouts,COMMUNICATION,4.0,3419249,"1,000,000,000+",0,Communication,0.75,0.7123789915543894,Positivo,8.7786
Firefox Browser fast & private,COMMUNICATION,4.4,3075028,"100,000,000+",0,Communication,0.8500000000000001,0.690128052329321,Positivo,8.7441
Contacts,COMMUNICATION,4.3,66602,"50,000,000+",0,Communication,0.825,0.5455564999734918,Positivo,6.5
Browser 4G,COMMUNICATION,4.3,192948,"10,000,000+",0,Communication,0.825,0.7871405764903942,Positivo,8.8333
Cricket Visual Voicemail,COMMUNICATION,3.9,13698,"10,000,000+",0,Communication,0.725,0.49651974973531987,Positivo,6.5
Firefox Focus: The privacy browser,COMMUNICATION,4.4,36880,"1,000,000+",0,Communication,0.8500000000000001,0.7570227365550818,Positivo,8.8333
Google Voice,COMMUNICATION,4.2,171031,"10,000,000+",0,Communication,0.8,0.6597062932800711,Positivo,8.6948
Chrome Dev,COMMUNICATION,4.4,63543,"5,000,000+",0,Communication,0.8500000000000001,0.7133471332303072,Positivo,8.7801
Android Messages,COMMUNICATION,4.2,781810,"100,000,000+",0,Communication,0.8,0.5186992141148674,Positivo,6.5
Google Duo - High Quality Video Calls,COMMUNICATION,4.6,2083237,"500,000,000+",0,Communication,0.8999999999999999,0.7182741881421818,Positivo,8.7875
AT&T Visual Voicemail,COMMUNICATION,3.7,13761,"10,000,000+",0,Communication,0.675,0.5050078272298234,Positivo,6.5
GMX Mail,COMMUNICATION,4.3,258556,"10,000,000+",0,Communication,0.825,0.742680903605275,Positivo,8.8231
Calls & Text by Mo+,COMMUNICATION,4.2,83239,"5,000,000+",0,Communication,0.8,0.7847367268742031,Positivo,8.8333
"GO SMS Pro - Messenger, Free Themes, Emoji",COMMUNICATION,4.4,2876500,"100,000,000+",0,Communication,0.8500000000000001,0.633844298009469,Positivo,8.2383
GroupMe,COMMUNICATION,4.5,330761,"10,000,000+",0,Communication,0.875,0.638799749549401,Positivo,8.368
BBM - Free Calls & Messages,COMMUNICATION,4.3,12842860,"100,000,000+",0,Communication,0.825,0.617053701247508,Positivo,7.8287
2ndLine - Second Phone Number,COMMUNICATION,4.2,15880,"1,000,000+",0,Communication,0.8,0.4819668940673473,Positivo,6.5
DU Browser—Browse fast & fun,COMMUNICATION,4.3,1133501,"10,000,000+",0,Communication,0.825,0.6957425014075793,Positivo,8.753
Contacts+,COMMUNICATION,4.2,190613,"10,000,000+",0,Communication,0.8,0.7328510639647772,Positivo,8.809
ExDialer - Dialer & Contacts,COMMUNICATION,4.2,125232,"10,000,000+",0,Communication,0.8,0.700601306750003,Positivo,8.7605
Full Screen Caller ID,COMMUNICATION,4.2,104990,"5,000,000+",0,Communication,0.8,0.7164809800109615,Positivo,8.7848
CIA - Caller ID & Call Blocker,COMMUNICATION,4.0,60308,"5,000,000+",0,Communication,0.75,0.7181475985780368,Positivo,8.7873
Calls Blacklist - Call Blocker,COMMUNICATION,4.5,457283,"10,000,000+",0,Communication,0.875,0.6848793158796456,Positivo,8.7358
Call Control - Call Blocker,COMMUNICATION,4.4,93825,"5,000,000+",0,Communication,0.8500000000000001,0.3818932647973223,Positivo,4.7063
Burner - Free Phone Number,COMMUNICATION,4.3,14873,"1,000,000+",0,Communication,0.825,0.6532356924260153,Positivo,8.684
All Email Providers,COMMUNICATION,4.1,20901,"1,000,000+",0,Communication,0.7749999999999999,0.514795729446111,Negativo,6.5
GO Notifier,COMMUNICATION,4.2,124346,"10,000,000+",0,Communication,0.8,0.5378874117884445,Positivo,6.5
"Hily: Dating, Chat, Match, Meet & Hook up",DATING,4.1,2556,"100,000+",0,Dating,0.7749999999999999,0.6037745297813444,Positivo,7.5323
Hinge: Dating & Relationships,DATING,4.2,7779,"500,000+",0,Dating,0.8,0.6826984036149847,Positivo,8.7323
BBW Dating & Plus Size Chat,DATING,4.4,12632,"1,000,000+",0,Dating,0.8500000000000001,0.6033306472842376,Positivo,7.5228
CMB Free Dating App,DATING,4.0,48845,"1,000,000+",0,Dating,0.75,0.7847460119640195,Positivo,8.8333
Free Dating App & Flirt Chat - Match with Singles,DATING,4.4,172460,"5,000,000+",0,Dating,0.8500000000000001,0.7666291812733796,Positivo,8.8333
Black People Meet Singles Date,DATING,3.9,10212,"1,000,000+",0,Dating,0.725,0.6905099929545437,Positivo,8.7447
Free Dating App & Flirt Chat - Cheers,DATING,4.4,667,"10,000+",0,Dating,0.8500000000000001,0.7397381672860441,Positivo,8.8189
Free Dating Hook Up Messenger,DATING,3.3,1157,"100,000+",0,Dating,0.575,0.705774923169268,Positivo,6.9629
BLK - Swipe. Match. Chat.,DATING,4.1,2067,"100,000+",0,Dating,0.7749999999999999,0.8026462865875533,Positivo,8.8333
Cougar Dating Life : Date Older Women Sugar Mummy,DATING,3.9,1643,"500,000+",0,Dating,0.725,0.7026460425390114,Positivo,8.7637
Free Dating & Flirt Chat - Choice of Love,DATING,4.0,42194,"5,000,000+",0,Dating,0.75,0.5819440254049455,Positivo,7.0937
BeWild Free Dating & Chat App,DATING,3.4,1999,"100,000+",0,Dating,0.6,0.7340400436316374,Positivo,7.4524
"FastMeet: Chat, Dating, Love",DATING,4.2,22544,"1,000,000+",0,Dating,0.8,0.7593547791431551,Positivo,8.8333
"Free Dating App - YoCutie - Flirt, Chat & Meet",DATING,4.1,97684,"1,000,000+",0,Dating,0.7749999999999999,0.6797430861663889,Positivo,8.7276
Dating for 50 plus Mature Singles – FINALLY,DATING,4.6,13046,"500,000+",0,Dating,0.8999999999999999,0.866757521835228,Positivo,8.8333
Christian Dating For Free App,DATING,3.9,8722,"500,000+",0,Dating,0.725,0.6626812789512934,Positivo,8.6997
"Hide App, Private Dating, Safe Chat - PrivacyHider",DATING,4.4,35206,"1,000,000+",0,Dating,0.8500000000000001,0.478814268315623,Positivo,6.5
Free Dating App - Meet Local Singles - Flirt Chat,DATING,4.1,825,"100,000+",0,Dating,0.7749999999999999,0.496354812657085,Positivo,6.5
"Chat Rooms, Avatars, Date - Galaxy",DATING,4.3,135418,"10,000,000+",0,Dating,0.825,0.6179048589187911,Positivo,7.8484
Gay Sugar Daddy Dating & Hookup – Sudy Gay,DATING,4.1,2212,"100,000+",0,Dating,0.7749999999999999,0.7221125633182982,Positivo,8.7932
BBWCupid - BBW Dating App,DATING,3.5,241,"50,000+",0,Dating,0.625,0.6322799664550587,Positivo,7.7332
ChatVideo Meet new people,DATING,4.2,63986,"5,000,000+",0,Dating,0.8,0.6279208616817339,Positivo,8.0888
FlirtChat - ♥Free Dating/Flirting App♥,DATING,4.3,2430,"500,000+",0,Dating,0.825,0.7704677784492953,Positivo,8.8333
"Herpes Dating: 1,000K+ Singles",DATING,4.0,738,"10,000+",0,Dating,0.75,0.7013696885405845,Positivo,8.7617
95Live -SG#1 Live Streaming App,DATING,4.1,4953,"1,000,000+",0,Dating,0.7749999999999999,0.6076244445719444,Positivo,7.6161
2RedBeans,DATING,4.0,337,"10,000+",0,Dating,0.75,0.8393503599270048,Positivo,8.8333
"BiggerCity: Chat for gay bears, chubs & chasers",DATING,4.1,923,"100,000+",0,Dating,0.7749999999999999,0.7032867594404859,Positivo,8.7647
Herpes Positive Singles Dating,DATING,4.4,198,"10,000+",0,Dating,0.8500000000000001,0.8131097525978356,Positivo,8.8333
BBW Dating & Curvy Singles Chat- LargeFriends,DATING,4.4,218,"10,000+",0,Dating,0.8500000000000001,0.741669190730017,Positivo,8.8216
Hitwe - meet people and chat,DATING,4.2,243950,"10,000,000+",0,Dating,0.8,0.4568160482935568,Positivo,6.5
FERZU - Furries Social Network,DATING,3.9,1576,"10,000+",0,Dating,0.725,0.6506280216768833,Positivo,8.6796
"2Date Dating App, Love and matching",DATING,4.4,41605,"500,000+",0,Dating,0.8500000000000001,0.7364565289132521,Positivo,8.8142
Duolingo: Learn Languages Free,EDUCATION,4.7,6289924,"100,000,000+",0,Education;Education,0.925,0.8561418737322876,Positivo,8.8333
Babbel – Learn Languages,EDUCATION,4.3,266948,"10,000,000+",0,Education,0.825,0.8400013282243625,Positivo,8.8333
Flippy Campus - Buy & sell on campus at a discount,EDUCATION,4.0,889,"500,000+",0,Education,0.75,0.8209062200390768,Positivo,8.8333
ABC Preschool Free,EDUCATION,3.8,27572,"5,000,000+",0,Education;Education,0.7,0.7495201868288843,Positivo,8.7596
English with Lingualeo,EDUCATION,4.7,254519,"5,000,000+",0,Education,0.925,0.6665825912832811,Positivo,8.7062
Brilliant,EDUCATION,4.5,41185,"1,000,000+",0,Education,0.875,0.8131449183203117,Positivo,8.8333
C++ Tutorials,EDUCATION,4.1,358,"50,000+",0,Education,0.7749999999999999,0.8546009121920921,Positivo,8.8333
C++ Programming,EDUCATION,4.3,11904,"1,000,000+",0,Education,0.825,0.7347718821352232,Positivo,8.8118
C Programming,EDUCATION,4.3,22251,"1,000,000+",0,Education,0.825,0.8747803869728467,Positivo,8.8333
GMAT Question Bank,EDUCATION,4.2,240,"10,000+",0,Education,0.8,0.6832545082352679,Positivo,8.7332
GRE Tutor,EDUCATION,4.0,275,"50,000+",0,Education,0.75,0.8621002525320589,Positivo,8.8333
GRE Flashcards,EDUCATION,4.5,13791,"500,000+",0,Education,0.875,0.8424376466347797,Positivo,8.8333
GMAT Math Flashcards,EDUCATION,4.4,1769,"100,000+",0,Education,0.8500000000000001,0.835431929045011,Positivo,8.8333
GRE Prep & Practice by Magoosh,EDUCATION,4.4,3963,"100,000+",0,Education,0.8500000000000001,0.8558682763888255,Positivo,8.8333
Babbel – Learn Spanish,EDUCATION,4.4,54798,"1,000,000+",0,Education,0.8500000000000001,0.8721280928845467,Positivo,8.8333
Common Core,EDUCATION,4.0,835,"100,000+",0,Education,0.75,0.7748855057994053,Positivo,8.8333
Homework Planner,EDUCATION,4.0,2525,"100,000+",0,Education,0.75,0.8702643854400384,Positivo,8.8333
Edmodo,EDUCATION,4.1,200058,"10,000,000+",0,Education,0.7749999999999999,0.8051541804728869,Positivo,8.8333
"HelloTalk — Chat, Speak & Learn Foreign Languages",EDUCATION,4.4,84309,"5,000,000+",0,Education,0.8500000000000001,0.6348117572049216,Positivo,8.2633
Canvas Student,EDUCATION,4.5,42828,"1,000,000+",0,Education,0.875,0.6551280347742688,Positivo,8.6872
EasyBib: Citation Generator,EDUCATION,3.5,1405,"100,000+",0,Education,0.625,0.5543792219172203,Positivo,6.3066
Hotstar,ENTERTAINMENT,4.3,4885646,"100,000,000+",0,Entertainment,0.825,0.5202273980664711,Positivo,6.5
H TV,ENTERTAINMENT,4.3,103078,"5,000,000+",0,Entertainment,0.825,0.7717133107312282,Positivo,8.8333
DStv Now,ENTERTAINMENT,3.9,34923,"5,000,000+",0,Entertainment,0.725,0.5537337410935121,Positivo,6.5697
BBC Media Player,ENTERTAINMENT,3.4,87384,"10,000,000+",0,Entertainment,0.6,0.4652980202112014,Positivo,5.8596
Cinemark Theatres,ENTERTAINMENT,4.1,21867,"1,000,000+",0,Entertainment,0.7749999999999999,0.5122415841493431,Positivo,6.5
Fandango Movies - Times + Tickets,ENTERTAINMENT,4.6,243747,"10,000,000+",0,Entertainment,0.8999999999999999,0.6828852524303342,Positivo,8.7326
Harkins Theatres,ENTERTAINMENT,4.3,1511,"100,000+",0,Entertainment,0.825,0.5125945743546831,Positivo,6.5
AMC Theatres,ENTERTAINMENT,4.3,44550,"1,000,000+",0,Entertainment,0.825,0.6943123426413234,Positivo,8.7507
Food Network,ENTERTAINMENT,4.1,7813,"500,000+",0,Entertainment,0.7749999999999999,0.5183612666787957,Positivo,6.5
Cooking Channel,ENTERTAINMENT,4.1,1033,"100,000+",0,Entertainment,0.7749999999999999,0.7715794611607135,Positivo,8.8333
Animal Planet GO,ENTERTAINMENT,4.2,2442,"100,000+",0,Entertainment,0.8,0.7247185299548249,Positivo,8.7971
Crunchyroll - Everything Anime,ENTERTAINMENT,3.7,310066,"10,000,000+",0,Entertainment,0.675,0.7339381430761852,Positivo,8.7199
Acorn TV: World-class TV from Britain and Beyond,ENTERTAINMENT,3.0,493,"50,000+",0,Entertainment,0.5,0.5583986453434444,Positivo,5.1769
HISTORY: Watch TV Show Full Episodes & Specials,ENTERTAINMENT,4.1,33387,"1,000,000+",0,Entertainment,0.7749999999999999,0.7360049782621639,Positivo,8.8135
FOX NOW - On Demand & Live TV,ENTERTAINMENT,3.9,60841,"5,000,000+",0,Entertainment,0.725,0.5274938803270879,Positivo,6.5
A&E - Watch Full Episodes of TV Shows,ENTERTAINMENT,4.0,29706,"1,000,000+",0,Entertainment,0.75,0.786016192279369,Positivo,8.8333
BET NOW - Watch Shows,ENTERTAINMENT,4.2,14807,"1,000,000+",0,Entertainment,0.8,0.5084455325634918,Positivo,6.5
Comedy Central,ENTERTAINMENT,3.9,22378,"1,000,000+",0,Entertainment,0.725,0.6156119991631457,Positivo,7.7954
CW Seed,ENTERTAINMENT,4.5,16372,"500,000+",0,Entertainment,0.875,0.7550876926898774,Positivo,8.8333
HBO GO: Stream with TV Package,ENTERTAINMENT,3.8,87723,"10,000,000+",0,Entertainment,0.7,0.38671308054248577,Negativo,4.8392
FOX,ENTERTAINMENT,3.7,197774,"10,000,000+",0,Entertainment,0.675,0.6734311656617694,Positivo,8.7174
Hamilton — The Official App,ENTERTAINMENT,4.5,1575,"100,000+",0,Entertainment,0.875,0.5838030431042038,Positivo,7.1292
Funny Pics,ENTERTAINMENT,3.9,9941,"1,000,000+",0,Entertainment,0.725,0.6858194762021538,Positivo,8.7373
Colorfy: Coloring Book for Adults - Free,ENTERTAINMENT,4.5,787177,"10,000,000+",0,Entertainment,0.875,0.651085376890981,Positivo,8.6804
All Events in City,EVENTS,4.0,3782,"100,000+",0,Events,0.75,0.858841942444294,Positivo,8.8333
DroidAdmin for Android - Advice,EVENTS,4.2,811,"10,000+",0,Events,0.8,0.6113697648929625,Positivo,7.6992
Happy Birthday Songs Offline,EVENTS,4.4,464,"100,000+",0,Events,0.8500000000000001,0.802348668613596,Positivo,8.8333
"Gametime - Tickets to Sports, Concerts, Theater",EVENTS,4.5,8800,"1,000,000+",0,Events,0.875,0.8354457941182097,Positivo,8.8333
Goldstar: Live Event Tickets,EVENTS,4.5,1953,"100,000+",0,Events,0.875,0.9107800067378534,Positivo,8.8333
Citibanamex Movil,FINANCE,3.6,52306,"5,000,000+",0,Finance,0.65,0.5974663393368206,Positivo,7.3998
Bualuang mBanking,FINANCE,4.0,48445,"5,000,000+",0,Finance,0.75,0.6191873738171696,Positivo,7.8784
BBVA Spain,FINANCE,4.2,36746,"5,000,000+",0,Finance,0.8,0.7929842789482241,Positivo,8.8333
Ecobank Mobile Banking,FINANCE,4.0,12073,"1,000,000+",0,Finance,0.75,0.4616088464621532,Positivo,6.5
Banorte Movil,FINANCE,4.1,111632,"1,000,000+",0,Finance,0.7749999999999999,0.5975555545219104,Positivo,7.4017
Credit Karma,FINANCE,4.7,706301,"10,000,000+",0,Finance,0.925,0.8324999247878756,Positivo,8.8333
BZWBK24 mobile,FINANCE,4.5,64959,"1,000,000+",0,Finance,0.875,0.7331395137619703,Positivo,8.8094
"GCash - Buy Load, Pay Bills, Send Money",FINANCE,4.0,25508,"1,000,000+",0,Finance,0.75,0.4926238364223575,Positivo,6.5
Google Pay,FINANCE,4.2,347838,"100,000,000+",0,Finance,0.8,0.6166047948240754,Positivo,7.8183
"Even - organize your money, get paid early",FINANCE,4.8,12304,"100,000+",0,Finance,0.95,0.7032855183765897,Positivo,8.7647
Digit Save Money Automatically,FINANCE,4.5,8188,"100,000+",0,Finance,0.875,0.7532672126576169,Positivo,8.8333
Acorns - Invest Spare Change,FINANCE,4.3,45957,"1,000,000+",0,Finance,0.825,0.5257666178210931,Negativo,6.5
Expense IQ Money Manager,FINANCE,4.4,21570,"1,000,000+",0,Finance,0.8500000000000001,0.7665980716902441,Positivo,8.8333
Experian - Free Credit Report,FINANCE,4.6,23130,"1,000,000+",0,Finance,0.8999999999999999,0.6864259052527388,Positivo,8.7383
Branch,FINANCE,4.6,69973,"1,000,000+",0,Finance,0.8999999999999999,0.7052495808661864,Positivo,8.7677
CreditWise from Capital One,FINANCE,4.6,26587,"1,000,000+",0,Finance,0.8999999999999999,0.7592710405033664,Positivo,8.8333
Credit Sesame,FINANCE,4.3,25166,"1,000,000+",0,Finance,0.825,0.6059413052365704,Positivo,7.5792
Fresh EBT - Food Stamp Balance,FINANCE,4.5,19870,"1,000,000+",0,Finance,0.875,0.7043021353742162,Positivo,8.7663
CNBC: Breaking Business News & Live Market Data,FINANCE,4.2,24647,"1,000,000+",0,Finance,0.8,0.7402108627809143,Positivo,8.8196
Bloomberg Professional,FINANCE,4.1,3334,"500,000+",0,Finance,0.7749999999999999,0.5102030121964096,Positivo,6.5
E*TRADE Mobile,FINANCE,3.9,10658,"1,000,000+",0,Finance,0.725,0.6298527602942003,Positivo,8.1369
Fox Business,FINANCE,3.7,2594,"500,000+",0,Finance,0.675,0.6696587939135182,Positivo,8.7112
Current debit card and app made for teens,FINANCE,4.3,685,"50,000+",0,Finance,0.825,0.854911595108138,Positivo,8.8333
Betterment,FINANCE,4.4,3780,"100,000+",0,Finance,0.8500000000000001,0.6504096688225548,Positivo,8.6793
Citizens Bank Mobile Banking,FINANCE,4.1,15192,"1,000,000+",0,Finance,0.7749999999999999,0.5126867814427343,Positivo,6.5
GoBank,FINANCE,4.4,5950,"500,000+",0,Finance,0.8500000000000001,0.5547205924640805,Positivo,6.588
BBVA Compass Banking,FINANCE,4.3,5905,"500,000+",0,Finance,0.825,0.6331482907300268,Positivo,8.2204
BankMobile Vibe App,FINANCE,4.3,14627,"1,000,000+",0,Finance,0.825,0.809030259117778,Positivo,8.8333
ACE Elite,FINANCE,4.1,2898,"100,000+",0,Finance,0.7749999999999999,0.6334999074701024,Positivo,8.2294
Associated Credit Union Mobile,FINANCE,4.7,3290,"50,000+",0,Finance,0.925,0.8149143238236671,Positivo,8.8333
Bank of America Mobile Banking,FINANCE,4.4,341090,"10,000,000+",0,Finance,0.8500000000000001,0.6129208183245017,Positivo,7.7341
Amex Mobile,FINANCE,4.3,24729,"1,000,000+",0,Finance,0.825,0.5986424528793183,Positivo,7.4241
Citi Mobile®,FINANCE,4.0,78306,"5,000,000+",0,Finance,0.75,0.48239246961381077,Positivo,6.5
Chase Mobile,FINANCE,4.6,1374549,"10,000,000+",0,Finance,0.8999999999999999,0.5555576337954496,Positivo,6.6035
HDFC Bank MobileBanking,FINANCE,4.2,208463,"10,000,000+",0,Finance,0.8,0.4933291214081946,Positivo,6.5
Barclays US for Android,FINANCE,4.1,6998,"1,000,000+",0,Finance,0.7749999999999999,0.4926868491753068,Positivo,6.5
Easy Recipes,FOOD_AND_DRINK,4.7,2707,"100,000+",0,Food & Drink,0.925,0.7907759439990549,Positivo,8.8333
Debonairs Pizza,FOOD_AND_DRINK,3.8,3320,"500,000+",0,Food & Drink,0.7,0.6053185251985349,Positivo,7.5656
Dunkin' Donuts,FOOD_AND_DRINK,4.2,68103,"1,000,000+",0,Food & Drink,0.8,0.7230820614078716,Positivo,8.7947
Grubhub: Food Delivery,FOOD_AND_DRINK,4.5,155944,"5,000,000+",0,Food & Drink,0.875,0.6574670828304552,Positivo,8.6911
Domino's Pizza USA,FOOD_AND_DRINK,4.7,1032935,"10,000,000+",0,Food & Drink,0.925,0.7824573096755474,Positivo,8.8333
Dairy Queen,FOOD_AND_DRINK,3.7,731,"100,000+",0,Food & Drink,0.675,0.6972295283144772,Positivo,8.7199
Healthy Recipes Free,FOOD_AND_DRINK,4.0,1077,"100,000+",0,Food & Drink,0.75,0.837684849975351,Positivo,8.8333
Cookbook Recipes,FOOD_AND_DRINK,4.1,46539,"5,000,000+",0,Food & Drink,0.7749999999999999,0.8919649470176796,Positivo,8.8333
Easy Healthy Recipes,FOOD_AND_DRINK,4.1,278,"50,000+",0,Food & Drink,0.7749999999999999,0.8924372716014525,Positivo,8.8333
Allrecipes Dinner Spinner,FOOD_AND_DRINK,4.5,61881,"5,000,000+",0,Food & Drink,0.875,0.7484601191606529,Positivo,8.8312
Cookpad,FOOD_AND_DRINK,4.5,131569,"10,000,000+",0,Food & Drink,0.875,0.8064361546435439,Positivo,8.8333
"BigOven Recipes, Meal Planner, Grocery List & More",FOOD_AND_DRINK,4.3,31986,"1,000,000+",0,Food & Drink,0.825,0.8608295141935853,Positivo,8.8333
Foursquare City Guide,FOOD_AND_DRINK,4.1,483960,"10,000,000+",0,Food & Drink,0.7749999999999999,0.7184509288878088,Positivo,8.7878
Eat24 Food Delivery & Takeout,FOOD_AND_DRINK,4.3,40116,"1,000,000+",0,Food & Drink,0.825,0.7103203589509366,Positivo,8.7755
BeyondMenu Food Delivery,FOOD_AND_DRINK,4.7,51517,"1,000,000+",0,Food & Drink,0.925,0.8786252363191369,Positivo,8.8333
EatStreet Food Delivery App,FOOD_AND_DRINK,4.6,7690,"100,000+",0,Food & Drink,0.8999999999999999,0.8498924011702937,Positivo,8.8333
Caviar - Food Delivery,FOOD_AND_DRINK,4.2,3755,"100,000+",0,Food & Drink,0.8,0.7005118286775404,Positivo,8.7604
DoorDash - Food Delivery,FOOD_AND_DRINK,4.5,104504,"1,000,000+",0,Food & Drink,0.875,0.5917089536509513,Positivo,7.2835
Home Workout - No Equipment,HEALTH_AND_FITNESS,4.8,428156,"10,000,000+",0,Health & Fitness,0.95,0.8597120856906527,Positivo,8.8333
30 Day Fitness Challenge - Workout at Home,HEALTH_AND_FITNESS,4.8,471036,"10,000,000+",0,Health & Fitness,0.95,0.877001844477643,Positivo,8.8333
Home Workout for Men - Bodybuilding,HEALTH_AND_FITNESS,4.8,12705,"1,000,000+",0,Health & Fitness,0.95,0.9145847986674771,Positivo,8.8333
Fat Burning Workout - Home Weight lose,HEALTH_AND_FITNESS,4.5,706,"100,000+",0,Health & Fitness,0.875,0.733891611728476,Positivo,8.8105
Fitbit,HEALTH_AND_FITNESS,3.9,357417,"10,000,000+",0,Health & Fitness,0.725,0.8312337804817663,Positivo,8.7975
Cycling - Bike Tracker,HEALTH_AND_FITNESS,4.5,9116,"500,000+",0,Health & Fitness,0.875,0.8375150949134548,Positivo,8.8333
Abs Training-Burn belly fat,HEALTH_AND_FITNESS,4.7,2071,"100,000+",0,Health & Fitness,0.925,0.767379951888556,Positivo,8.8333
Calorie Counter - EasyFit free,HEALTH_AND_FITNESS,4.7,50294,"1,000,000+",0,Health & Fitness,0.925,0.8991853488030923,Positivo,8.8333
Garmin Connect™,HEALTH_AND_FITNESS,3.9,232153,"10,000,000+",0,Health & Fitness,0.725,0.7184410311276038,Positivo,8.7877
BetterMe: Weight Loss Workouts,HEALTH_AND_FITNESS,4.2,14709,"5,000,000+",0,Health & Fitness,0.8,0.8048117647064261,Positivo,8.8333
Bike Computer - GPS Cycling Tracker,HEALTH_AND_FITNESS,4.4,12029,"1,000,000+",0,Health & Fitness,0.8500000000000001,0.739081468745552,Positivo,8.818
Calorie Counter - MyFitnessPal,HEALTH_AND_FITNESS,4.6,1873516,"50,000,000+",0,Health & Fitness,0.8999999999999999,0.6989642272120993,Positivo,8.758
8fit Workouts & Meal Planner,HEALTH_AND_FITNESS,4.6,115721,"10,000,000+",0,Health & Fitness,0.8999999999999999,0.801718623801319,Positivo,8.8333
Couch to 10K Running Trainer,HEALTH_AND_FITNESS,4.6,10445,"500,000+",0,Health & Fitness,0.8999999999999999,0.8243688940766095,Positivo,8.8333
"Home workouts - fat burning, abs, legs, arms,chest",HEALTH_AND_FITNESS,4.3,4848,"1,000,000+",0,Health & Fitness,0.825,0.8998995087389525,Positivo,8.8333
"Fabulous: Motivate Me! Meditate, Relax, Sleep",HEALTH_AND_FITNESS,4.6,205299,"5,000,000+",0,Health & Fitness,0.8999999999999999,0.8371805519704371,Positivo,8.8333
7 Minute Workout,HEALTH_AND_FITNESS,4.5,399009,"10,000,000+",0,Health & Fitness,0.875,0.9086807367608407,Positivo,8.8333
Freeletics: Personal Trainer & Fitness Workouts,HEALTH_AND_FITNESS,4.5,130104,"10,000,000+",0,Health & Fitness,0.875,0.6600033713030844,Positivo,8.6953
Google Fit - Fitness Tracking,HEALTH_AND_FITNESS,3.9,249855,"10,000,000+",0,Health & Fitness,0.725,0.700076030702833,Positivo,8.7597
Daily Yoga - Yoga Fitness Plans,HEALTH_AND_FITNESS,4.4,70769,"5,000,000+",0,Health & Fitness,0.8500000000000001,0.861784885374094,Positivo,8.8333
Down Dog: Great Yoga Anywhere,HEALTH_AND_FITNESS,4.9,28945,"500,000+",0,Health & Fitness,0.9750000000000001,0.9228621479149883,Positivo,8.8333
21-Day Meditation Experience,HEALTH_AND_FITNESS,4.4,11506,"100,000+",0,Health & Fitness,0.8500000000000001,0.7898149797947674,Positivo,8.8333
"Calm - Meditate, Sleep, Relax",HEALTH_AND_FITNESS,4.6,111450,"5,000,000+",0,Health & Fitness,0.8999999999999999,0.8142661446350673,Positivo,8.8333
Headspace: Meditation & Mindfulness,HEALTH_AND_FITNESS,4.6,77563,"10,000,000+",0,Health & Fitness,0.8999999999999999,0.7365520425070141,Positivo,8.8143
"Eve Period Tracker - Love, Sex & Relationships App",HEALTH_AND_FITNESS,4.6,20326,"1,000,000+",0,Health & Fitness,0.8999999999999999,0.8794153654711064,Positivo,8.8333
Couch to 5K by RunDouble,HEALTH_AND_FITNESS,4.7,15674,"1,000,000+",0,Health & Fitness,0.925,0.7563420377033038,Positivo,8.8333
Fooducate Healthy Weight Loss & Calorie Counter,HEALTH_AND_FITNESS,4.4,14402,"1,000,000+",0,Health & Fitness,0.8500000000000001,0.8694266787465544,Positivo,8.8333
Calorie Counter - MyNetDiary,HEALTH_AND_FITNESS,4.5,27439,"1,000,000+",0,Health & Fitness,0.875,0.8736544574653676,Positivo,8.8333
10 Best Foods for You,HEALTH_AND_FITNESS,4.0,2490,"500,000+",0,Health & Fitness,0.75,0.8549546953319834,Positivo,8.8333
Calorie Counter - Macros,HEALTH_AND_FITNESS,4.0,3061,"100,000+",0,Health & Fitness,0.75,0.8379536536112373,Positivo,8.8333
Health and Nutrition Guide,HEALTH_AND_FITNESS,4.3,7895,"500,000+",0,Health & Fitness,0.825,0.8245064970708648,Positivo,8.8333
Calorie Counter & Diet Tracker,HEALTH_AND_FITNESS,4.5,32606,"1,000,000+",0,Health & Fitness,0.875,0.8105710144965518,Positivo,8.8333
Food Calorie Calculator,HEALTH_AND_FITNESS,4.2,1324,"100,000+",0,Health & Fitness,0.8,0.6307034718864207,Positivo,8.1583
Eat Fit - Diet and Health Free,HEALTH_AND_FITNESS,4.1,2469,"100,000+",0,Health & Fitness,0.7749999999999999,0.7260005615645096,Positivo,8.799
Happify,HEALTH_AND_FITNESS,3.7,1812,"100,000+",0,Health & Fitness,0.675,0.8133199177046162,Positivo,8.7199
Binaural Beats Therapy,HEALTH_AND_FITNESS,4.3,13724,"1,000,000+",0,Health & Fitness,0.825,0.7599209663915975,Positivo,8.8333
Brain Waves - Binaural Beats,HEALTH_AND_FITNESS,4.4,5038,"500,000+",0,Health & Fitness,0.8500000000000001,0.7132657083175393,Positivo,8.78
7 Cups: Anxiety & Stress Chat,HEALTH_AND_FITNESS,4.2,13799,"500,000+",0,Health & Fitness,0.8,0.8141918850730278,Positivo,8.8333
Apartments & Rentals - Zillow,HOUSE_AND_HOME,4.2,27386,"1,000,000+",0,House & Home,0.8,0.7956036297602583,Positivo,8.8333
"Homes.com 🏠 For Sale, Rent",HOUSE_AND_HOME,4.0,6000,"1,000,000+",0,House & Home,0.75,0.6996794235139213,Positivo,8.7591
"Apartment List: Housing, Apt, and Property Rentals",HOUSE_AND_HOME,4.5,8481,"1,000,000+",0,House & Home,0.875,0.8525580843013509,Positivo,8.8333
Gold Butterfly Keyboard Theme,HOUSE_AND_HOME,4.3,10054,"1,000,000+",0,House & Home,0.825,0.8274579032245821,Positivo,8.8333
"Apartment, Home Rental Search: Realtor.com Rentals",HOUSE_AND_HOME,3.9,10117,"1,000,000+",0,House & Home,0.725,0.6154891683438379,Positivo,7.7926
DIY On A Budget,HOUSE_AND_HOME,4.7,114,"10,000+",0,House & Home,0.925,0.8151301343616628,Positivo,8.8333
Free Foreclosure Real Estate Search by USHUD.com,HOUSE_AND_HOME,3.4,287,"100,000+",0,House & Home,0.6,0.49538608260330796,Positivo,5.8596
Home Security Camera WardenCam - reuse old phones,HOUSE_AND_HOME,4.3,43800,"1,000,000+",0,House & Home,0.825,0.7046914085995837,Positivo,8.7669
Apartments.com Rental Search,HOUSE_AND_HOME,4.3,22584,"1,000,000+",0,House & Home,0.825,0.6009419421086648,Positivo,7.4721
Alfred Home Security Camera,HOUSE_AND_HOME,4.5,103305,"5,000,000+",0,House & Home,0.875,0.7368934314745064,Positivo,8.8148
Home Decor Showpiece Art making: Medium Difficulty,HOUSE_AND_HOME,4.3,273,"50,000+",0,House & Home,0.825,0.7388139789944098,Positivo,8.8176
ColorSnap® Visualizer,HOUSE_AND_HOME,3.4,3280,"1,000,000+",0,House & Home,0.6,0.5694954358861827,Positivo,6.3645
Bathroom Decorating Ideas,HOUSE_AND_HOME,4.1,2427,"500,000+",0,House & Home,0.7749999999999999,0.731176448715381,Positivo,8.8066
Homesnap Real Estate & Rentals,HOUSE_AND_HOME,4.3,3834,"500,000+",0,House & Home,0.825,0.74917632079482,Positivo,8.8322
Aviary Effects: Classic,LIBRARIES_AND_DEMO,3.8,67007,"5,000,000+",0,Libraries & Demo,0.7,0.6855848251801451,Positivo,8.7369
Chakra Cleansing,LIBRARIES_AND_DEMO,4.6,539,"50,000+",0,Libraries & Demo,0.8999999999999999,0.8563566881543802,Positivo,8.8333
Aviary Stickers: Free Pack,LIBRARIES_AND_DEMO,3.5,126862,"10,000,000+",0,Libraries & Demo,0.625,0.7094586928075827,Positivo,8.0171
Binaural Beats Meditation,LIBRARIES_AND_DEMO,4.3,411,"50,000+",0,Libraries & Demo,0.825,0.8080930450569055,Positivo,8.8333
Essential Resources,LIBRARIES_AND_DEMO,4.6,237,"50,000+",0,Libraries & Demo,0.8999999999999999,0.7690684117590167,Positivo,8.8333
Apk Installer,LIBRARIES_AND_DEMO,3.8,7750,"1,000,000+",0,Libraries & Demo,0.7,0.5472569475170656,Positivo,6.5
Cool Popular Ringtones 2018 🔥,LIBRARIES_AND_DEMO,4.5,60170,"1,000,000+",0,Libraries & Demo,0.875,0.7025937158160297,Positivo,8.7636
Barcode Scanner,LIBRARIES_AND_DEMO,4.2,3945,"500,000+",0,Libraries & Demo,0.8,0.795211525479113,Positivo,8.8333
EyeCloud,LIBRARIES_AND_DEMO,3.1,1267,"100,000+",0,Libraries & Demo,0.525,0.5554820617042323,Positivo,5.118
Easy Hair Style Design,LIFESTYLE,4.3,601,"100,000+",0,Lifestyle,0.825,0.8265171773254009,Positivo,8.8333
Easy Makeup Tutorials,LIFESTYLE,4.3,7287,"1,000,000+",0,Lifestyle,0.825,0.7357271928640262,Positivo,8.8131
Horoscopes – Daily Zodiac Horoscope and Astrology,LIFESTYLE,4.6,161143,"10,000,000+",0,Lifestyle,0.8999999999999999,0.7441959335296408,Positivo,8.8252
Entel,LIFESTYLE,3.2,16168,"1,000,000+",0,Lifestyle,0.55,0.5341990947561351,Positivo,5.0
Diary with lock,LIFESTYLE,4.6,815893,"10,000,000+",0,Lifestyle,0.8999999999999999,0.8490600402656036,Positivo,8.8333
FOSSIL Q: DESIGN YOUR DIAL,LIFESTYLE,4.3,985,"500,000+",0,Lifestyle,0.825,0.663477373975977,Positivo,8.701
Family Locator - GPS Tracker,LIFESTYLE,4.4,726074,"10,000,000+",0,Lifestyle,0.8500000000000001,0.828150789206835,Positivo,8.8333
HTC Speak,LIFESTYLE,3.5,6145,"10,000,000+",0,Lifestyle,0.625,0.5202173275978662,Positivo,6.1976
H&M,LIFESTYLE,3.7,41941,"10,000,000+",0,Lifestyle,0.675,0.5734145734664414,Positivo,6.9333
Anime Avatar Creator: Make Your Own Avatar,LIFESTYLE,4.2,10944,"1,000,000+",0,Lifestyle,0.8,0.7484465390802051,Positivo,8.8312
Beautiful Design Birthday Cake,LIFESTYLE,4.3,665,"500,000+",0,Lifestyle,0.825,0.7434788696031479,Positivo,8.8242
H Pack,LIFESTYLE,4.3,9412,"1,000,000+",0,Lifestyle,0.825,0.6635925245505689,Positivo,8.7012
Fashion in Vogue,LIFESTYLE,3.8,1797,"100,000+",0,Lifestyle,0.7,0.4952799714309225,Positivo,6.5
Big Days - Events Countdown,LIFESTYLE,4.6,39724,"1,000,000+",0,Lifestyle,0.8999999999999999,0.7536532482533173,Positivo,8.8333
DIY Garden Ideas,LIFESTYLE,4.1,3309,"500,000+",0,Lifestyle,0.7749999999999999,0.8403814832676684,Positivo,8.8333
Brit + Co,LIFESTYLE,3.9,987,"10,000+",0,Lifestyle,0.725,0.652322199228532,Positivo,8.6825
Homestyler Interior Design & Decorating Ideas,LIFESTYLE,4.1,78298,"5,000,000+",0,Lifestyle,0.7749999999999999,0.6740563437913398,Positivo,8.7184
Etta Homes,LIFESTYLE,4.2,220,"50,000+",0,Lifestyle,0.8,0.7816570939882963,Positivo,8.8333
Home Scouting® MLS Mobile,LIFESTYLE,4.3,1533,"100,000+",0,Lifestyle,0.825,0.5394263754746155,Positivo,6.5
Housing-Real Estate & Property,LIFESTYLE,4.1,28301,"1,000,000+",0,Lifestyle,0.7749999999999999,0.4882070169546794,Positivo,6.5
7 Day Food Journal Challenge,LIFESTYLE,4.5,3346,"100,000+",0,Lifestyle,0.875,0.7916472732457789,Positivo,8.8333
Candy Crush Saga,GAME,4.4,22426677,"500,000,000+",0,Casual,0.8500000000000001,0.40012921997720885,Negativo,5.1815
Bubble Shooter,GAME,4.5,148897,"10,000,000+",0,Casual,0.875,0.7367773323437148,Positivo,8.8147
Hello Kitty Nail Salon,GAME,4.2,369203,"50,000,000+",0,Casual;Pretend Play,0.8,0.579025899608921,Positivo,7.0384
Clash Royale,GAME,4.6,23133508,"100,000,000+",0,Strategy,0.8999999999999999,0.6027497494200249,Positivo,7.5104
Helix Jump,GAME,4.2,1497361,"100,000,000+",0,Action,0.8,0.5971995687920157,Positivo,7.3944
Block Puzzle,GAME,4.6,59800,"5,000,000+",0,Puzzle,0.8999999999999999,0.6184411344273218,Positivo,7.8609
Angry Birds Rio,GAME,4.4,2610526,"100,000,000+",0,Arcade,0.8500000000000001,0.5470082998485889,Positivo,6.5
Candy Crush Soda Saga,GAME,4.4,6198563,"100,000,000+",0,Casual,0.8500000000000001,0.3977313402579704,Negativo,5.1224
Clash of Clans,GAME,4.6,44891723,"100,000,000+",0,Strategy,0.8999999999999999,0.6728120058398299,Positivo,8.7164
Block Puzzle Classic Legend !,GAME,4.2,17039,"5,000,000+",0,Puzzle,0.8,0.6988746263032846,Positivo,8.7579
8 Ball Pool,GAME,4.5,14198297,"100,000,000+",0,Sports,0.875,0.463936173882798,Positivo,6.5
Bubble Witch 3 Saga,GAME,4.7,1732263,"50,000,000+",0,Puzzle,0.925,0.6166178636043974,Positivo,7.8186
Granny,GAME,4.5,1135631,"50,000,000+",0,Arcade,0.875,0.7009011065298829,Positivo,8.761
Angry Birds Classic,GAME,4.4,5566669,"100,000,000+",0,Arcade,0.8500000000000001,0.39482611828465647,Negativo,5.0499
Flow Free,GAME,4.3,1295557,"100,000,000+",0,Puzzle,0.825,0.6454617455236634,Positivo,8.5496
Fishdom,GAME,4.6,2157930,"10,000,000+",0,Puzzle,0.8999999999999999,0.600998791926276,Positivo,7.4733
Galaxy Attack: Alien Shooter,GAME,4.6,506275,"10,000,000+",0,Arcade,0.8999999999999999,0.6587362311222565,Positivo,8.6932
Bubble Shooter 2,GAME,4.3,23005,"5,000,000+",0,Arcade,0.825,0.7906764435851497,Positivo,8.8333
Barbie™ Fashion Closet,GAME,4.1,68057,"10,000,000+",0,Casual;Creativity,0.7749999999999999,0.6293477377275694,Positivo,8.1243
Candy Crush Jelly Saga,GAME,4.3,1300490,"50,000,000+",0,Puzzle,0.825,0.42197538788638034,Negativo,5.7103
Hill Climb Racing,GAME,4.4,8923587,"100,000,000+",0,Racing,0.8500000000000001,0.6424910740462887,Positivo,8.4676
Gardenscapes,GAME,4.6,4128732,"50,000,000+",0,Casual,0.8999999999999999,0.5027650851582867,Positivo,6.5
Farm Heroes Saga,GAME,4.4,7614130,"100,000,000+",0,Casual,0.8500000000000001,0.5022296929301008,Positivo,6.5
Cut the Rope FULL FREE,GAME,4.4,2123381,"100,000,000+",0,Puzzle,0.8500000000000001,0.6241726055726123,Positivo,7.9971
Cooking Fever,GAME,4.5,3197865,"100,000,000+",0,Arcade,0.875,0.481922463261013,Negativo,6.5
Garena Free Fire,GAME,4.5,5465624,"100,000,000+",0,Action,0.875,0.5723795009271048,Positivo,6.9141
Bowmasters,GAME,4.7,1534466,"50,000,000+",0,Action,0.925,0.5733744648085837,Positivo,6.9326
Dream League Soccer 2018,GAME,4.6,9882639,"100,000,000+",0,Sports,0.8999999999999999,0.5727478786596094,Positivo,6.9209
Fruits Bomb,GAME,4.4,74673,"10,000,000+",0,Casual,0.8500000000000001,0.7963055287101133,Positivo,8.8333
Hill Climb Racing 2,GAME,4.6,2750410,"100,000,000+",0,Racing,0.8999999999999999,0.6863908205299676,Positivo,8.7382
Farm Fruit Pop: Party Time,GAME,4.4,9305,"1,000,000+",0,Casual,0.8500000000000001,0.7106795170481962,Positivo,8.776
Color by Number – New Coloring Book,GAME,4.7,141529,"5,000,000+",0,Board,0.925,0.7389405499195095,Positivo,8.8178
Color Road,GAME,4.1,84911,"10,000,000+",0,Arcade,0.7749999999999999,0.41740697406607064,Negativo,5.5984
Baseball Boy!,GAME,3.4,148177,"10,000,000+",0,Arcade,0.6,0.5008494092328326,Positivo,5.8596
Episode - Choose Your Story,GAME,4.3,1841061,"50,000,000+",0,Simulation,0.825,0.601697099818436,Positivo,7.488
Hello Stars,GAME,4.6,101686,"10,000,000+",0,Puzzle,0.8999999999999999,0.6956341148003766,Positivo,8.7528
Flip the Gun - Simulator Game,GAME,4.2,195558,"10,000,000+",0,Arcade,0.8,0.49751816578217356,Positivo,6.5
Harry Potter: Hogwarts Mystery,GAME,4.4,1107310,"10,000,000+",0,Adventure,0.8500000000000001,0.6667365766001966,Positivo,8.7064
Grim Soul: Dark Fantasy Survival,GAME,4.5,189773,"5,000,000+",0,Role Playing,0.875,0.6852754012078516,Positivo,8.7364
DRAGON BALL LEGENDS,GAME,4.6,337752,"5,000,000+",0,Action,0.8999999999999999,0.7000099799818379,Positivo,8.7596
Homescapes,GAME,4.6,3093358,"10,000,000+",0,Casual,0.8999999999999999,0.518593292093839,Positivo,6.5
Hero Hunters,GAME,4.4,70747,"5,000,000+",0,Action,0.8500000000000001,0.5887335445498678,Positivo,7.2248
Cooking Madness - A Chef's Restaurant Games,GAME,4.7,358817,"10,000,000+",0,Arcade,0.925,0.5583544359503413,Positivo,6.6553
Dino War: Rise of Beasts,GAME,4.1,18996,"1,000,000+",0,Strategy,0.7749999999999999,0.6245444680904797,Positivo,8.0061
Guns of Glory,GAME,4.0,120592,"10,000,000+",0,Strategy,0.75,0.47293700102352154,Negativo,6.5
Final Fantasy XV: A New Empire,GAME,4.0,484981,"10,000,000+",0,Strategy,0.75,0.45532212960228213,Negativo,6.5
Chapters: Interactive Stories,GAME,4.5,73539,"1,000,000+",0,Role Playing,0.875,0.7410807745320668,Positivo,8.8208
Honkai Impact 3rd,GAME,4.7,59017,"1,000,000+",0,Action,0.925,0.7170179741712476,Positivo,8.7856
Farming Simulator 18,GAME,4.5,18125,"100,000+",$4.99,Simulation;Education,0.875,0.5827531598279277,Positivo,7.1091
Call of Duty:Black Ops Zombies,GAME,4.2,13004,"100,000+",$6.99,Action,0.8,0.2817855762199937,Negativo,3.5
Angry Birds 2,GAME,4.6,3883589,"100,000,000+",0,Casual,0.8999999999999999,0.45773720365989423,Negativo,6.5
Fallout Shelter,GAME,4.6,2719142,"10,000,000+",0,Simulation,0.8999999999999999,0.8399043953258963,Positivo,8.8333
Choices: Stories You Play,GAME,4.6,807338,"10,000,000+",0,Simulation,0.8999999999999999,0.6161085854638778,Positivo,7.8069
Game of Thrones: Conquest™,GAME,4.0,90218,"1,000,000+",0,Strategy,0.75,0.6913259168293854,Positivo,8.746
FINAL FANTASY BRAVE EXVIUS,GAME,4.6,745684,"5,000,000+",0,Role Playing,0.8999999999999999,0.6526180329047613,Positivo,8.683
Fate/Grand Order (English),GAME,4.4,16601,"500,000+",0,Role Playing,0.8500000000000001,0.6208356532150087,Positivo,7.9172
Dungeon Hunter Champions: Epic Online Action RPG,GAME,4.2,26247,"1,000,000+",0,Role Playing,0.8,0.5824178678043095,Positivo,7.1027
Doodle Jump,GAME,4.3,1083571,"50,000,000+",0,Arcade,0.825,0.6998659234081649,Positivo,8.7594
Crossy Road,GAME,4.5,4230886,"100,000,000+",0,Action,0.875,0.7948104840256354,Positivo,8.8333
Dude Perfect 2,GAME,4.5,401425,"10,000,000+",0,Action,0.875,0.6829768515352661,Positivo,8.7328
Alto's Adventure,GAME,4.6,515657,"10,000,000+",0,Action,0.8999999999999999,0.6392753850470285,Positivo,8.3807
DEER HUNTER 2018,GAME,4.3,955656,"10,000,000+",0,Action,0.825,0.3937479730874535,Positivo,5.0227
DEAD TARGET: FPS Zombie Apocalypse Survival Games,GAME,4.5,1468591,"50,000,000+",0,Action,0.875,0.6423595479636999,Positivo,8.464
Anger of stick 5 : zombie,GAME,4.5,549039,"50,000,000+",0,Action,0.875,0.828197362079541,Positivo,8.8333
CATS: Crash Arena Turbo Stars,GAME,4.7,1559650,"50,000,000+",0,Action,0.925,0.5862150543473722,Positivo,7.1757
DINO HUNTER: DEADLY SHORES,GAME,4.4,1381820,"10,000,000+",0,Action,0.8500000000000001,0.6017743540940504,Positivo,7.4897
Extreme Match,GAME,4.5,696,"100,000+",0,Action,0.875,0.7284253812491139,Positivo,8.8025
Agar.io,GAME,4.2,3816799,"100,000,000+",0,Action,0.8,0.5066909790094247,Positivo,6.5
Battlelands Royale,GAME,4.4,105620,"1,000,000+",0,Action,0.8500000000000001,0.6547891832790534,Positivo,8.6866
Arrow.io,GAME,4.5,343263,"10,000,000+",0,Action,0.875,0.6329057200107411,Positivo,8.2142
BEYBLADE BURST app,GAME,4.5,216849,"10,000,000+",0,Action;Action & Adventure,0.875,0.5341562203983362,Positivo,6.5
Dragon Hills,GAME,4.5,354373,"10,000,000+",0,Action,0.875,0.6980418867362721,Positivo,8.7566
DC Super Hero Girls™,GAME,4.3,43055,"5,000,000+",0,Action;Action & Adventure,0.825,0.8622917763104858,Positivo,8.8333
Dinosaur Simulator: Dino World,GAME,4.0,26649,"5,000,000+",0,Action,0.75,0.6013329314950899,Positivo,7.4803
GUNSHIP BATTLE: Helicopter 3D,GAME,4.3,2151039,"50,000,000+",0,Action,0.825,0.597686173211214,Positivo,7.4044
Bubble Shooter Genies,GAME,4.5,26985,"5,000,000+",0,Casual,0.875,0.6396413481779768,Positivo,8.3905
Blossom Blast Saga,GAME,4.5,1125438,"10,000,000+",0,Casual,0.875,0.5442641524341226,Positivo,6.5
Candy Bomb,GAME,4.4,42145,"10,000,000+",0,Casual;Brain Games,0.8500000000000001,0.8364809825832012,Positivo,8.8333
Gems or jewels ?,GAME,4.7,171448,"10,000,000+",0,Puzzle,0.925,0.7369787030436871,Positivo,8.8149
Bubble Shooter Space,GAME,4.2,4355,"1,000,000+",0,Casual,0.8,0.7035062898398367,Positivo,8.765
1LINE – One Line with One Touch,GAME,4.6,214878,"10,000,000+",0,Board,0.8999999999999999,0.7871694241104771,Positivo,8.8333
Dog Run - Pet Dog Simulator,GAME,4.7,48615,"10,000,000+",0,Simulation;Action & Adventure,0.925,0.760696714808344,Positivo,8.8333
Coloring & Learn,FAMILY,4.4,12753,"5,000,000+",0,Educational;Creativity,0.8500000000000001,0.8528452632326107,Positivo,8.8333
Educational Games 4 Kids,FAMILY,4.3,11618,"5,000,000+",0,Educational;Education,0.825,0.8108438297446842,Positivo,8.8333
Candy Pop Story,FAMILY,4.7,12948,"1,000,000+",0,Casual;Brain Games,0.925,0.6661629777565727,Positivo,8.7055
Candy Smash,FAMILY,4.5,11436,"1,000,000+",0,Casual;Brain Games,0.875,0.7363540215139112,Positivo,8.814
Happy Fruits Bomb - Cube Blast,FAMILY,4.5,2150,"500,000+",0,Casual;Brain Games,0.875,0.6170351186059199,Positivo,7.8282
Baby Panda Care,FAMILY,4.2,108795,"10,000,000+",0,Educational;Pretend Play,0.8,0.7314056181462177,Positivo,8.8069
Baby puzzles,FAMILY,4.3,11950,"5,000,000+",0,Educational;Education,0.825,0.6503802409975745,Positivo,8.6792
Garden Fruit Legend,FAMILY,4.6,4289,"500,000+",0,Casual;Brain Games,0.8999999999999999,0.7718305725676398,Positivo,8.8333
Candy Day,FAMILY,4.5,11716,"1,000,000+",0,Casual;Brain Games,0.875,0.7491958944449774,Positivo,8.8322
ABC Kids - Tracing & Phonics,FAMILY,4.5,36606,"10,000,000+",0,Educational;Education,0.875,0.8609514777274763,Positivo,8.8333
Barbie Magical Fashion,FAMILY,4.0,328619,"10,000,000+",0,Casual;Creativity,0.75,0.6717064886682071,Positivo,8.7146
Farming Simulator 14,FAMILY,4.5,530854,"10,000,000+",0,Simulation;Action & Adventure,0.875,0.7079862699631212,Positivo,8.7719
Educational Games for Kids,FAMILY,4.5,7050,"1,000,000+",0,Educational;Education,0.875,0.8693537244254563,Positivo,8.8333
Hot Wheels: Race Off,FAMILY,4.5,520609,"10,000,000+",0,Racing;Action & Adventure,0.875,0.6462931456778034,Positivo,8.5729
Baby Tiger Care - My Cute Virtual Pet Friend,FAMILY,4.5,432,"100,000+",0,Educational;Education,0.875,0.7717611874390444,Positivo,8.8333
DisneyNOW – TV Shows & Games,FAMILY,4.3,82471,"5,000,000+",0,Entertainment;Music & Video,0.825,0.651026594511811,Positivo,8.6803
Baby Panda’s Juice Shop,FAMILY,4.5,19230,"5,000,000+",0,Educational;Brain Games,0.875,0.8412513285522332,Positivo,8.8333
Dr. Panda Restaurant 3,FAMILY,4.2,11126,"1,000,000+",0,Educational;Pretend Play,0.8,0.6489129923499337,Positivo,8.6473
Baby ABC in box! Kids alphabet games for toddlers!,FAMILY,4.6,9652,"1,000,000+",0,Educational;Education,0.8999999999999999,0.8020326680666231,Positivo,8.8333
Happy Street,FAMILY,4.5,110877,"1,000,000+",0,Casual;Action & Adventure,0.875,0.6092793456744658,Positivo,7.6526
Dr. Panda Town: Vacation,FAMILY,3.8,10366,"1,000,000+",0,Education;Pretend Play,0.7,0.6347353353712659,Positivo,8.2613
Fuzzy Seasons: Animal Forest,FAMILY,4.8,12137,"100,000+",0,Simulation;Pretend Play,0.95,0.8092004826102668,Positivo,8.8333
Basketball FRVR - Shoot the Hoop and Slam Dunk!,FAMILY,4.5,4076,"100,000+",0,Sports;Action & Adventure,0.875,0.7112599473371439,Positivo,8.7769
Extreme Racing 2 - Real driving RC cars game!,FAMILY,4.3,4207,"500,000+",0,Racing;Action & Adventure,0.825,0.6270780683731129,Positivo,8.068
Disney Magic Kingdoms: Build Your Own Magical Park,FAMILY,4.3,472584,"10,000,000+",0,Simulation;Action & Adventure,0.825,0.597346383224078,Positivo,7.3974
Equestria Girls,FAMILY,4.3,392596,"10,000,000+",0,Role Playing;Action & Adventure,0.825,0.6185237944056362,Positivo,7.8629
Doctor Pets,FAMILY,4.2,23060,"1,000,000+",0,Educational;Education,0.8,0.7100356814742168,Positivo,8.7751
Frozen Free Fall,FAMILY,4.3,1574197,"50,000,000+",0,Puzzle;Action & Adventure,0.825,0.5417331588571099,Positivo,6.5
Dominos Game ✔️,FAMILY,4.1,2903,"1,000,000+",0,Board;Brain Games,0.7749999999999999,0.6256164955337409,Positivo,8.0321
Checkers ✔️,FAMILY,4.1,3617,"1,000,000+",0,Board;Brain Games,0.7749999999999999,0.626835706621337,Positivo,8.062
DreamWorks Friends,FAMILY,3.6,1042,"100,000+",0,Role Playing;Pretend Play,0.65,0.5823116007379483,Positivo,7.1007
Dr. Panda & Toto's Treehouse,FAMILY,4.4,3396,"50,000+",$3.99,Casual;Pretend Play,0.8500000000000001,0.8082534153110101,Positivo,8.8333
Fun Kid Racing - Motocross,FAMILY,4.1,59729,"10,000,000+",0,Racing;Action & Adventure,0.7749999999999999,0.7779018114098402,Positivo,8.8333
Barbie Life™,FAMILY,3.9,133117,"5,000,000+",0,Casual;Pretend Play,0.725,0.6442936357712061,Positivo,8.5172
Hello Kitty Lunchbox,FAMILY,4.2,51838,"5,000,000+",0,Casual;Creativity,0.8,0.6410107340761614,Positivo,8.4273
COOKING MAMA Let's Cook!,FAMILY,4.3,528745,"10,000,000+",0,Educational;Pretend Play,0.825,0.7578629147413201,Positivo,8.8333
Fun Kid Racing,FAMILY,4.0,79667,"10,000,000+",0,Racing;Action & Adventure,0.75,0.7871197468023493,Positivo,8.8333
ABCmouse.com,FAMILY,4.3,50887,"5,000,000+",0,Education;Education,0.825,0.655488705149999,Positivo,8.6878
Essential Anatomy 3,MEDICAL,4.1,1533,"50,000+",$11.99,Medical,0.7749999999999999,0.8325240279493699,Positivo,8.8333
Diabetes & Diet Tracker,MEDICAL,4.6,395,"1,000+",$9.99,Medical,0.8999999999999999,0.889443156432095,Positivo,8.8333
GoodRx Drug Prices and Coupons,MEDICAL,4.8,59158,"1,000,000+",0,Medical,0.95,0.740579883762995,Positivo,8.8201
FollowMyHealth®,MEDICAL,4.6,73118,"1,000,000+",0,Medical,0.8999999999999999,0.7981912230037063,Positivo,8.8333
Blood Pressure,MEDICAL,4.2,33033,"5,000,000+",0,Medical,0.8,0.8328058213662615,Positivo,8.8333
Doctor On Demand,MEDICAL,4.7,18674,"1,000,000+",0,Medical,0.925,0.7977727027469502,Positivo,8.8333
BioLife Plasma Services,MEDICAL,3.5,250,"100,000+",0,Medical,0.625,0.5762733016778169,Positivo,6.7542
Anthem Anywhere,MEDICAL,2.7,2657,"500,000+",0,Medical,0.42500000000000004,0.4441237632810307,Positivo,4.3273
Blood Donor,MEDICAL,4.2,4476,"500,000+",0,Medical,0.8,0.6833149303667516,Positivo,8.7333
1800 Contacts - Lens Store,MEDICAL,4.7,23160,"1,000,000+",0,Medical,0.925,0.8479788267526548,Positivo,8.8333
Blood Pressure Log - MyDiary,MEDICAL,4.7,8348,"500,000+",0,Medical,0.925,0.8642040759274318,Positivo,8.8333
CVS Caremark,MEDICAL,3.5,3707,"500,000+",0,Medical,0.625,0.6690298347127374,Positivo,8.0171
Ada - Your Health Guide,MEDICAL,4.7,87418,"1,000,000+",0,Medical,0.925,0.84869929253884,Positivo,8.8333
All Mental disorders,MEDICAL,4.5,453,"100,000+",0,Medical,0.875,0.7537583527224462,Positivo,8.8333
Delta Dental,MEDICAL,3.0,914,"100,000+",0,Medical,0.5,0.4378194645283707,Positivo,4.3713
Drugs.com Medication Guide,MEDICAL,4.4,15875,"1,000,000+",0,Medical,0.8500000000000001,0.8166285751651777,Positivo,8.8333
HealtheLife,MEDICAL,3.6,190,"100,000+",0,Medical,0.65,0.5525590535159248,Positivo,6.5558
Anatomy Learning - 3D Atlas,MEDICAL,4.5,72167,"1,000,000+",0,Medical,0.875,0.7657266061409855,Positivo,8.8333
Baritastic - Bariatric Tracker,MEDICAL,4.7,4318,"100,000+",0,Medical,0.925,0.886641218215232,Positivo,8.8333
Epocrates Plus,MEDICAL,4.3,23889,"1,000,000+",0,Medical,0.825,0.798388273480144,Positivo,8.8333
Banfield Pet Health Tracker,MEDICAL,4.2,1747,"100,000+",0,Medical,0.8,0.6117754147984679,Positivo,7.7083
Davis's Drug Guide for Nurses,MEDICAL,4.5,572,"50,000+",0,Medical,0.875,0.9264969024920603,Positivo,8.8333
Diabetes:M,MEDICAL,4.6,15545,"100,000+",0,Medical,0.8999999999999999,0.8502535659489393,Positivo,8.8333
HESI A2 Pocket Prep,MEDICAL,4.3,2108,"50,000+",0,Medical,0.825,0.8185855296628104,Positivo,8.8333
Davis's Drug Guide,MEDICAL,3.9,272,"50,000+",0,Medical,0.725,0.6191505915176939,Positivo,7.8775
Free Hypnosis,MEDICAL,4.2,4303,"100,000+",0,Medical,0.8,0.8178405785014614,Positivo,8.8333
Dosecast - Medication Reminder,MEDICAL,4.3,4107,"100,000+",0,Medical,0.825,0.8329008837455426,Positivo,8.8333
Anthem BC Anywhere,MEDICAL,2.6,496,"100,000+",0,Medical,0.4,0.4104852595034407,Positivo,3.2522
High Blood Pressure Symptoms,MEDICAL,4.0,531,"100,000+",0,Medical,0.75,0.816835773063614,Positivo,8.8333
Blood Pressure(BP) Diary,MEDICAL,3.7,3596,"1,000,000+",0,Medical,0.675,0.549343943421031,Positivo,6.5
Airway Ex - Intubate. Anesthetize. Train.,MEDICAL,4.3,123,"10,000+",0,Medical,0.825,0.721614848091564,Positivo,8.7925
BELONG Beating Cancer Together,MEDICAL,4.7,623,"50,000+",0,Medical,0.925,0.7787365284190336,Positivo,8.8333
ConnectLine,MEDICAL,3.1,253,"50,000+",0,Medical,0.525,0.6697636440563631,Positivo,6.5
Facebook,SOCIAL,4.1,78158306,"1,000,000,000+",0,Social,0.7749999999999999,0.45062479257910043,Positivo,6.5
Facebook Lite,SOCIAL,4.3,8606259,"500,000,000+",0,Social,0.825,0.4689325041012236,Positivo,6.5
All Social Networks,SOCIAL,4.2,22492,"1,000,000+",0,Social,0.8,0.45064361586564083,Negativo,6.5
"Hide Something - Photo, Video",SOCIAL,4.6,225103,"5,000,000+",0,Social,0.8999999999999999,0.6926041352304246,Positivo,8.748
Amino: Communities and Chats,SOCIAL,4.8,1259075,"10,000,000+",0,Social,0.95,0.696983655450809,Positivo,8.7549
Facebook Local,SOCIAL,4.2,4751,"1,000,000+",0,Social,0.8,0.6432939952123194,Positivo,8.4896
HTC Social Plugin - Facebook,SOCIAL,3.6,13223,"10,000,000+",0,Social,0.65,0.43899223263230214,Negativo,6.1253
Family GPS tracker KidControl + GPS by SMS Locator,SOCIAL,4.5,57146,"1,000,000+",0,Social,0.875,0.7314790403403201,Positivo,8.807
Badoo - Free Chat & Dating App,SOCIAL,4.3,3781770,"100,000,000+",0,Social,0.825,0.559066234805836,Positivo,6.6684
"Free phone calls, free texting SMS on free number",SOCIAL,4.5,412725,"10,000,000+",0,Social,0.875,0.6656952258717368,Positivo,8.7047
Blogger,SOCIAL,3.7,138026,"5,000,000+",0,Social,0.675,0.7421638919399768,Positivo,8.7199
Bloglovin',SOCIAL,3.9,8936,"500,000+",0,Social,0.725,0.6315801024686953,Positivo,8.1804
Blogaway for Android (Blogger),SOCIAL,3.7,4253,"100,000+",0,Social,0.675,0.6263849116119977,Positivo,8.0509
Banjo,SOCIAL,4.2,58341,"1,000,000+",0,Social,0.8,0.6865192836977725,Positivo,8.7384
Frontback - Social Photos,SOCIAL,3.8,19446,"1,000,000+",0,Social,0.7,0.6937816066596866,Positivo,8.7499
Couple - Relationship App,SOCIAL,4.0,33249,"1,000,000+",0,Social,0.75,0.8522468914537475,Positivo,8.8333
"Dating App, Flirt & Chat : W-Match",SOCIAL,4.3,175722,"10,000,000+",0,Social,0.825,0.609453418639903,Positivo,7.6565
Amazon for Tablets,SHOPPING,4.0,141613,"10,000,000+",0,Shopping,0.75,0.5905767765041131,Positivo,7.261
"AliExpress - Smarter Shopping, Better Living",SHOPPING,4.6,5916606,"100,000,000+",0,Shopping,0.8999999999999999,0.6694546340142072,Positivo,8.7109
Amazon Shopping,SHOPPING,4.3,909226,"100,000,000+",0,Shopping,0.825,0.6362703290022231,Positivo,8.3012
Flipp - Weekly Shopping,SHOPPING,4.6,85858,"10,000,000+",0,Shopping,0.8999999999999999,0.8321666988984101,Positivo,8.8333
GS SHOP,SHOPPING,3.8,44255,"10,000,000+",0,Shopping,0.7,0.686644023634846,Positivo,8.7386
Family Dollar,SHOPPING,4.3,2588,"1,000,000+",0,Shopping,0.825,0.6710246808377077,Positivo,8.7134
11st,SHOPPING,3.8,48732,"10,000,000+",0,Shopping,0.7,0.675791900868772,Positivo,8.7212
Flipkart Online Shopping App,SHOPPING,4.4,6012719,"100,000,000+",0,Shopping,0.8500000000000001,0.7467730135470039,Positivo,8.8288
CheckPoints 🏆 Rewards App,SHOPPING,4.1,23187,"1,000,000+",0,Shopping,0.7749999999999999,0.6943001046250471,Positivo,8.7507
Extreme Coupon Finder,SHOPPING,4.1,11798,"1,000,000+",0,Shopping,0.7749999999999999,0.756082340252913,Positivo,8.8333
Checkout 51: Grocery coupons,SHOPPING,4.1,52896,"10,000,000+",0,Shopping,0.7749999999999999,0.7215665534474538,Positivo,8.7924
Gyft - Mobile Gift Card Wallet,SHOPPING,4.1,9701,"500,000+",0,Shopping,0.7749999999999999,0.4885954238129322,Positivo,6.5
"Groupon - Shop Deals, Discounts & Coupons",SHOPPING,4.6,1370749,"50,000,000+",0,Shopping,0.8999999999999999,0.7247634936130098,Positivo,8.7972
"Ebates: Cash Back, Coupons, Rewards & Savings",SHOPPING,4.5,37253,"1,000,000+",0,Shopping,0.875,0.7259277554362207,Positivo,8.7989
FidMe Loyalty Cards & Deals at Grocery Supermarket,SHOPPING,4.2,33758,"1,000,000+",0,Shopping,0.8,0.7824645319349042,Positivo,8.8333
HauteLook,SHOPPING,4.1,7193,"500,000+",0,Shopping,0.7749999999999999,0.665112476679997,Positivo,8.7037
Etsy: Handmade & Vintage Goods,SHOPPING,4.3,95520,"10,000,000+",0,Shopping,0.825,0.7214674668831474,Positivo,8.7923
ASOS,SHOPPING,4.7,181798,"10,000,000+",0,Shopping,0.925,0.7951048829191828,Positivo,8.8333
Find&Save - Local Shopping,SHOPPING,4.0,4602,"500,000+",0,Shopping,0.75,0.6328483168128453,Positivo,8.2127
Boxed Wholesale,SHOPPING,3.8,6380,"1,000,000+",0,Shopping,0.7,0.7753205736274953,Positivo,8.7596
FreePrints – Free Photos Delivered,PHOTOGRAPHY,4.8,109500,"1,000,000+",0,Photography,0.95,0.8572729060051475,Positivo,8.8333
Groovebook Photo Books & Gifts,PHOTOGRAPHY,4.0,21159,"500,000+",0,Photography,0.75,0.6492587469973266,Positivo,8.6572
Google Photos,PHOTOGRAPHY,4.5,10858556,"1,000,000,000+",0,Photography,0.875,0.7082429439081707,Positivo,8.7723
HD Camera - Best Cam with filters & panorama,PHOTOGRAPHY,4.5,38953,"5,000,000+",0,Photography,0.875,0.6848531277445362,Positivo,8.7358
"Face Filter, Selfie Editor - Sweet Camera",PHOTOGRAPHY,4.7,142634,"10,000,000+",0,Photography,0.925,0.6486549296469706,Positivo,8.6399
Adobe Photoshop Express:Photo Editor Collage Maker,PHOTOGRAPHY,4.2,914804,"50,000,000+",0,Photography,0.8,0.7953924981867311,Positivo,8.8333
HD Camera - Quick Snap Photo & Video,PHOTOGRAPHY,4.5,21841,"1,000,000+",0,Photography,0.875,0.8658772454108323,Positivo,8.8333
B612 - Beauty & Filter Camera,PHOTOGRAPHY,4.4,5282578,"100,000,000+",0,Photography,0.8500000000000001,0.6387730952291679,Positivo,8.3673
Garden Photo Frames - Garden Photo Editor,PHOTOGRAPHY,4.4,1864,"500,000+",0,Photography,0.8500000000000001,0.783185170458108,Positivo,8.8333
BeautyPlus - Easy Photo Editor & Selfie Camera,PHOTOGRAPHY,4.4,3158047,"100,000,000+",0,Photography,0.8500000000000001,0.7974242495241088,Positivo,8.8333
DSLR Camera Hd Ultra Professional,PHOTOGRAPHY,4.2,4410,"1,000,000+",0,Photography,0.8,0.6529522815904052,Positivo,8.6835
"Candy selfie - photo editor, live filter camera",PHOTOGRAPHY,4.4,53421,"10,000,000+",0,Photography,0.8500000000000001,0.7703666895252935,Positivo,8.8333
Blur Image Background Editor (Blur Photo Editor),PHOTOGRAPHY,4.4,62421,"5,000,000+",0,Photography,0.8500000000000001,0.746344100274687,Positivo,8.8282
Flickr,PHOTOGRAPHY,4.3,251951,"10,000,000+",0,Photography,0.825,0.6528578711802366,Positivo,8.6834
"Cymera Camera- Photo Editor, Filter,Collage,Layout",PHOTOGRAPHY,4.4,2418135,"100,000,000+",0,Photography,0.8500000000000001,0.7629753704742196,Positivo,8.8333
"Candy Camera - selfie, beauty camera, photo editor",PHOTOGRAPHY,4.4,3368649,"100,000,000+",0,Photography,0.8500000000000001,0.7050086700879195,Positivo,8.7674
Blur Image Background,PHOTOGRAPHY,3.9,129272,"10,000,000+",0,Photography,0.725,0.8134553390605698,Positivo,8.7975
HD Camera Ultra,PHOTOGRAPHY,4.3,462152,"10,000,000+",0,Photography,0.825,0.7115801304868952,Positivo,8.7774
Cameringo Lite. Filters Camera,PHOTOGRAPHY,4.2,140917,"10,000,000+",0,Photography,0.8,0.8850258347584465,Positivo,8.8333
HD Camera Pro for Android,PHOTOGRAPHY,4.1,49211,"1,000,000+",0,Photography,0.7749999999999999,0.6448293525222129,Positivo,8.532
HD Camera for Android,PHOTOGRAPHY,4.1,351254,"10,000,000+",0,Photography,0.7749999999999999,0.8361444457347176,Positivo,8.8333
GoPro (formerly Capture),PHOTOGRAPHY,4.0,157506,"10,000,000+",0,Photography,0.75,0.41983914120803095,Negativo,5.6577
Beauty Makeup Snappy Collage Photo Editor - Lidow,PHOTOGRAPHY,4.5,420973,"10,000,000+",0,Photography,0.875,0.7035756121255364,Positivo,8.7652
"High-Speed Camera (GIF,Burst)",PHOTOGRAPHY,4.1,78140,"5,000,000+",0,Photography,0.7749999999999999,0.7549175695309316,Positivo,8.8333
EyeEm - Camera & Photo Filter,PHOTOGRAPHY,4.2,215343,"10,000,000+",0,Photography,0.8,0.7593987766030709,Positivo,8.8333
FilterGrid - Cam&Photo Editor,PHOTOGRAPHY,4.6,126337,"1,000,000+",0,Photography,0.8999999999999999,0.6649386593416492,Positivo,8.7035
Color Touch Effects,PHOTOGRAPHY,3.8,167652,"10,000,000+",0,Photography,0.7,0.6863341930659955,Positivo,8.7381
Font Studio- Photo Texts Image,PHOTOGRAPHY,4.2,197295,"10,000,000+",0,Photography,0.8,0.5977219305723773,Positivo,7.4051
Add Text To Photo,PHOTOGRAPHY,4.1,21578,"1,000,000+",0,Photography,0.7749999999999999,0.7205260884371648,Positivo,8.7909
Free Sports TV,SPORTS,4.3,1802,"100,000+",0,Sports,0.825,0.696152829089723,Positivo,8.7536
"FIFA - Tournaments, Soccer News & Live Scores",SPORTS,4.2,342909,"10,000,000+",0,Sports,0.8,0.5988328978411267,Positivo,7.4281
Football Live Scores,SPORTS,4.5,107724,"5,000,000+",0,Sports,0.875,0.8028985813094031,Positivo,8.8333
BeSoccer - Soccer Live Score,SPORTS,4.5,152780,"10,000,000+",0,Sports,0.875,0.7741825996599334,Positivo,8.8333
"CBS Sports App - Scores, News, Stats & Watch Live",SPORTS,4.3,91031,"5,000,000+",0,Sports,0.825,0.6618705937842454,Positivo,8.6984
BBC Sport,SPORTS,4.2,18678,"1,000,000+",0,Sports,0.8,0.7050210437419215,Positivo,8.7674
All Football - Latest News & Videos,SPORTS,4.6,152867,"10,000,000+",0,Sports,0.8999999999999999,0.8319787761810915,Positivo,8.8333
Eurosport,SPORTS,4.0,121003,"10,000,000+",0,Sports,0.75,0.543550519081198,Positivo,6.5
"All Football GO- Live Score, Games",SPORTS,4.6,1981,"100,000+",0,Sports,0.8999999999999999,0.8380955939831933,Positivo,8.8333
Championat,SPORTS,4.3,36490,"1,000,000+",0,Sports,0.825,0.7161411621069398,Positivo,8.7843
Goal Live Scores,SPORTS,4.4,232423,"5,000,000+",0,Sports,0.8500000000000001,0.6255522850230048,Positivo,8.0306
"Hole19: Golf GPS App, Rangefinder & Scorecard",SPORTS,4.4,6106,"100,000+",0,Sports,0.8500000000000001,0.8828966429011524,Positivo,8.8333
CBS Sports Fantasy,SPORTS,4.0,43611,"1,000,000+",0,Sports,0.75,0.7482933490454625,Positivo,8.831
Golf Channel,SPORTS,4.1,19230,"1,000,000+",0,Sports,0.7749999999999999,0.4483503142457702,Positivo,6.4451
"GolfNow: Tee Time Deals at Golf Courses, Golf GPS",SPORTS,4.5,26102,"1,000,000+",0,Sports,0.875,0.715694910993564,Positivo,8.7836
Golf GPS by SwingxSwing,SPORTS,4.6,37167,"1,000,000+",0,Sports,0.8999999999999999,0.7662644769618261,Positivo,8.8333
Golfshot: Golf GPS + Tee Times,SPORTS,4.3,7543,"500,000+",0,Sports,0.825,0.7757763330592473,Positivo,8.8333
Golf GPS Rangefinder: Golf Pad,SPORTS,4.6,13098,"1,000,000+",0,Sports,0.8999999999999999,0.813281976738212,Positivo,8.8333
GolfLogix GPS + Putt Breaks,SPORTS,4.0,11085,"1,000,000+",0,Sports,0.75,0.5316474310670387,Positivo,6.5
Golfshot Plus: Golf GPS,SPORTS,4.1,3387,"50,000+",$29.99,Sports,0.7749999999999999,0.7982430545630489,Positivo,8.8333
FanDuel: Daily Fantasy Sports,SPORTS,4.6,29673,"1,000,000+",0,Sports,0.8999999999999999,0.770946089727316,Positivo,8.8333
DraftKings - Daily Fantasy Sports,SPORTS,4.5,50017,"1,000,000+",0,Sports,0.875,0.7856962297003505,Positivo,8.8333
Fantasy Football Manager (FPL),SPORTS,4.4,63650,"1,000,000+",0,Sports,0.8500000000000001,0.7399393169379012,Positivo,8.8192
Fantasy Football,SPORTS,3.5,50179,"1,000,000+",0,Sports,0.625,0.503419029038656,Positivo,6.1976
"FOX Sports: Live Streaming, Scores & News",SPORTS,4.0,28895,"5,000,000+",0,Sports,0.75,0.7310673260670407,Positivo,8.8064
850 Sports News Digest,SPORTS,4.6,539,"10,000+",0,Sports,0.8999999999999999,0.9121286070392478,Positivo,8.8333
365Scores - Live Scores,SPORTS,4.6,666521,"10,000,000+",0,Sports,0.8999999999999999,0.733662971623617,Positivo,8.8102
Cricbuzz - Live Cricket Scores & News,SPORTS,4.5,838765,"50,000,000+",0,Sports,0.875,0.6719863322181174,Positivo,8.715
Fantasy Football & NFL News,SPORTS,4.5,2943,"100,000+",0,Sports,0.875,0.8362416694357371,Positivo,8.8333
"Expedia Hotels, Flights & Car Rental Travel Deals",TRAVEL_AND_LOCAL,4.1,136626,"10,000,000+",0,Travel & Local,0.7749999999999999,0.5546744608022043,Positivo,6.5872
Hopper - Watch & Book Flights,TRAVEL_AND_LOCAL,4.4,52029,"5,000,000+",0,Travel & Local,0.8500000000000001,0.7185023967886851,Positivo,8.7878
CityMaps2Go Plan Trips Travel Guide Offline Maps,TRAVEL_AND_LOCAL,4.3,64713,"1,000,000+",0,Travel & Local,0.825,0.7650789027891292,Positivo,8.8333
Hotels.com: Book Hotel Rooms & Find Vacation Deals,TRAVEL_AND_LOCAL,4.5,260121,"10,000,000+",0,Travel & Local,0.875,0.5832558426829747,Positivo,7.1187
Booking.com Travel Deals,TRAVEL_AND_LOCAL,4.7,1830388,"100,000,000+",0,Travel & Local,0.925,0.5717232502884854,Positivo,6.9019
Hostelworld: Hostels & Cheap Hotels Travel App,TRAVEL_AND_LOCAL,4.4,17878,"1,000,000+",0,Travel & Local,0.8500000000000001,0.7853741711273198,Positivo,8.8333
Airbnb,TRAVEL_AND_LOCAL,4.4,359403,"10,000,000+",0,Travel & Local,0.8500000000000001,0.6209321284189039,Positivo,7.9195
Google Earth,TRAVEL_AND_LOCAL,4.3,2338655,"100,000,000+",0,Travel & Local,0.825,0.6558376072074897,Positivo,8.6884
GasBuddy: Find Cheap Gas,TRAVEL_AND_LOCAL,4.6,751551,"10,000,000+",0,Travel & Local,0.8999999999999999,0.7731221375548237,Positivo,8.8333
"AT&T Navigator: Maps, Traffic",TRAVEL_AND_LOCAL,3.6,32862,"10,000,000+",0,Travel & Local,0.65,0.6609588264378358,Positivo,8.6786
Google Street View,TRAVEL_AND_LOCAL,4.2,2129689,"1,000,000,000+",0,Travel & Local,0.8,0.5113671377668142,Positivo,6.5
AirAsia,TRAVEL_AND_LOCAL,3.9,98585,"10,000,000+",0,Travel & Local,0.725,0.40723673190780313,Positivo,5.3536
Goibibo - Flight Hotel Bus Car IRCTC Booking App,TRAVEL_AND_LOCAL,4.3,459851,"10,000,000+",0,Travel & Local,0.825,0.7589379810597738,Positivo,8.8333
Allegiant,TRAVEL_AND_LOCAL,3.1,5572,"1,000,000+",0,Travel & Local,0.525,0.7197442112403606,Positivo,6.5
Amtrak,TRAVEL_AND_LOCAL,3.7,16815,"1,000,000+",0,Travel & Local,0.675,0.5314528856671092,Positivo,6.5
Flight & Hotel Booking App - ixigo,TRAVEL_AND_LOCAL,4.4,45562,"5,000,000+",0,Travel & Local,0.8500000000000001,0.6932446807601975,Positivo,8.7491
Foursquare Swarm: Check In,TRAVEL_AND_LOCAL,3.9,421800,"10,000,000+",0,Travel & Local,0.725,0.487744918861723,Positivo,6.5
Flightradar24 Flight Tracker,TRAVEL_AND_LOCAL,4.3,171889,"10,000,000+",0,Travel & Local,0.825,0.7181941547993788,Positivo,8.7874
Fly Delta,TRAVEL_AND_LOCAL,3.7,27560,"5,000,000+",0,Travel & Local,0.675,0.5754870992303931,Positivo,6.972
2GIS: directory & navigator,TRAVEL_AND_LOCAL,4.5,768833,"50,000,000+",0,Travel & Local,0.875,0.6751891565261116,Positivo,8.7202
American Airlines,TRAVEL_AND_LOCAL,3.7,16980,"5,000,000+",0,Travel & Local,0.675,0.45019302194365285,Positivo,6.5
Find Dining Restaurant Finder,TRAVEL_AND_LOCAL,4.1,427,"100,000+",0,Travel & Local,0.7749999999999999,0.8205979586455541,Positivo,8.8333
Hipmunk Hotels & Flights,TRAVEL_AND_LOCAL,4.3,16734,"1,000,000+",0,Travel & Local,0.825,0.8825371098879033,Positivo,8.8333
CWT To Go,TRAVEL_AND_LOCAL,4.4,20313,"100,000+",0,Travel & Local,0.8500000000000001,0.738837095752335,Positivo,8.8176
British Airways,TRAVEL_AND_LOCAL,4.2,25740,"1,000,000+",0,Travel & Local,0.8,0.651978866469653,Positivo,8.6819
Cheap Flights & Hotels momondo,TRAVEL_AND_LOCAL,4.2,42546,"5,000,000+",0,Travel & Local,0.8,0.7219044239049575,Positivo,8.7929
"CheapTickets – Hotels, Flights & Travel Deals",TRAVEL_AND_LOCAL,4.4,6925,"1,000,000+",0,Travel & Local,0.8500000000000001,0.7796934888188117,Positivo,8.8333
Flights,TRAVEL_AND_LOCAL,4.4,18039,"1,000,000+",0,Travel & Local,0.8500000000000001,0.6231116496999405,Positivo,7.9715
Cheapflights – Flight Search,TRAVEL_AND_LOCAL,4.4,47780,"5,000,000+",0,Travel & Local,0.8500000000000001,0.8005941867488284,Positivo,8.8333
Choice Hotels,TRAVEL_AND_LOCAL,4.4,17915,"1,000,000+",0,Travel & Local,0.8500000000000001,0.7439203292995575,Positivo,8.8248
Couchsurfing Travel App,TRAVEL_AND_LOCAL,4.4,61776,"1,000,000+",0,Travel & Local,0.8500000000000001,0.7566120200608475,Positivo,8.8333
Hotwire Hotel & Car Rental App,TRAVEL_AND_LOCAL,4.3,10323,"1,000,000+",0,Travel & Local,0.825,0.6652198571004644,Positivo,8.7039
HotelTonight: Book amazing deals at great hotels,TRAVEL_AND_LOCAL,4.4,57573,"5,000,000+",0,Travel & Local,0.8500000000000001,0.7843301424333462,Positivo,8.8333
Hotels Combined - Cheap deals,TRAVEL_AND_LOCAL,4.1,17202,"5,000,000+",0,Travel & Local,0.7749999999999999,0.609417138014139,Positivo,7.6557
Agoda – Hotel Booking Deals,TRAVEL_AND_LOCAL,4.6,263525,"10,000,000+",0,Travel & Local,0.8999999999999999,0.8570484681307852,Positivo,8.8333
Ascape VR: 360° Virtual Travel,TRAVEL_AND_LOCAL,4.1,890,"100,000+",0,Travel & Local;Action & Adventure,0.7749999999999999,0.597636485813442,Positivo,7.4033
Cheap hotel deals and discounts — Hotellook,TRAVEL_AND_LOCAL,4.5,7153,"1,000,000+",0,Travel & Local,0.875,0.716167326915934,Positivo,8.7843
GPS Status & Toolbox,TRAVEL_AND_LOCAL,4.5,149723,"10,000,000+",0,Travel & Local,0.875,0.7953326025639093,Positivo,8.8333
Airport + Flight Tracker Radar,TRAVEL_AND_LOCAL,4.2,6762,"1,000,000+",0,Travel & Local,0.8,0.6673034375433932,Positivo,8.7073
DreamTrips,TRAVEL_AND_LOCAL,4.7,9971,"500,000+",0,Travel & Local,0.925,0.7053079727725164,Positivo,8.7678
Google,TOOLS,4.4,8033493,"1,000,000,000+",0,Tools,0.8500000000000001,0.6596081785411915,Positivo,8.6946
Cache Cleaner-DU Speed Booster (booster & cleaner),TOOLS,4.5,12759663,"100,000,000+",0,Tools,0.875,0.7351879704637502,Positivo,8.8124
Device Help,TOOLS,4.2,28860,"100,000,000+",0,Tools,0.8,0.5175205538760638,Positivo,6.5
Account Manager,TOOLS,4.1,76604,"100,000,000+",0,Tools,0.7749999999999999,0.41093666283482644,Negativo,5.4425
File Manager,TOOLS,4.6,739329,"50,000,000+",0,Tools,0.8999999999999999,0.5307779164269393,Positivo,6.5
"Calculator - free calculator, multi calculator app",TOOLS,4.6,25592,"10,000,000+",0,Tools,0.8999999999999999,0.4620576670838552,Positivo,6.5
ASUS Sound Recorder,TOOLS,4.5,34126,"10,000,000+",0,Tools,0.875,0.8738857040133611,Positivo,8.8333
Files Go by Google: Free up space on your phone,TOOLS,4.6,315585,"10,000,000+",0,Tools,0.8999999999999999,0.7261153283107978,Positivo,8.7991
File Manager -- Take Command of Your Files Easily,TOOLS,4.2,127223,"10,000,000+",0,Tools,0.8,0.747307065698935,Positivo,8.8296
HTC Lock Screen,TOOLS,4.1,28250,"10,000,000+",0,Tools,0.7749999999999999,0.5087198470978453,Positivo,6.5
Gboard - the Google Keyboard,TOOLS,4.2,1859115,"500,000,000+",0,Tools,0.8,0.6677671483489225,Positivo,8.7081
AT&T Smart Wi-Fi,TOOLS,3.9,18513,"10,000,000+",0,Tools,0.725,0.6421735720986308,Positivo,8.4589
HTC Sense Input,TOOLS,3.4,17030,"10,000,000+",0,Tools,0.6,0.5094353120934969,Positivo,5.8596
App vault,TOOLS,3.4,25094,"10,000,000+",0,Tools,0.6,0.5380654515542396,Positivo,5.8596
DuraSpeed,TOOLS,3.8,5431,"10,000,000+",0,Tools,0.7,0.537878809147754,Positivo,6.5
HTC Sense Input-AR,TOOLS,3.8,1420,"100,000+",0,Tools,0.7,0.7002720842431632,Positivo,8.7596
Digital Alarm Clock,TOOLS,4.2,118439,"10,000,000+",0,Tools,0.8,0.7793763859396039,Positivo,8.8333
Alarm Clock Free,TOOLS,4.0,59973,"10,000,000+",0,Tools,0.75,0.672479005923397,Positivo,8.7158
Alarm Clock,TOOLS,4.3,114788,"5,000,000+",0,Tools,0.825,0.7426272382757264,Positivo,8.823
High-Powered Flashlight,TOOLS,4.5,429580,"10,000,000+",0,Tools,0.875,0.7944783779266593,Positivo,8.8333
Flashlight & LED Torch,TOOLS,4.3,111507,"10,000,000+",0,Tools,0.825,0.7011197847349061,Positivo,8.7614
Color Flashlight,TOOLS,4.2,472904,"50,000,000+",0,Tools,0.8,0.7133632908657517,Positivo,8.7801
Flashlight,TOOLS,4.7,115409,"10,000,000+",0,Tools,0.925,0.8148714891369886,Positivo,8.8333
"CM Flashlight (Compass, SOS)",TOOLS,4.4,166367,"5,000,000+",0,Tools,0.8500000000000001,0.9208247460059851,Positivo,8.8333
Flashlight HD LED,TOOLS,4.3,618918,"50,000,000+",0,Tools,0.825,0.8460491281183633,Positivo,8.8333
Flashlight - Torch LED Light,TOOLS,4.4,192661,"10,000,000+",0,Tools,0.8500000000000001,0.789594265222766,Positivo,8.8333
Brightest LED Flashlight,TOOLS,4.5,60571,"5,000,000+",0,Tools,0.875,0.8145299756506397,Positivo,8.8333
Brightest Flashlight Free ®,TOOLS,4.7,1335799,"50,000,000+",0,Tools,0.925,0.8427543340725127,Positivo,8.8333
Fraction Calculator Plus Free,TOOLS,4.5,148506,"5,000,000+",0,Tools,0.875,0.8314319250903565,Positivo,8.8333
CALCU™ Stylish Calculator Free,TOOLS,4.7,152692,"5,000,000+",0,Tools,0.925,0.7943856061723351,Positivo,8.8333
Graphing Calculator,TOOLS,3.9,12388,"1,000,000+",0,Tools,0.725,0.7471986707237949,Positivo,8.7975
ConvertPad - Unit Converter,TOOLS,4.4,90831,"10,000,000+",0,Tools,0.8500000000000001,0.7150092609814923,Positivo,8.7826
Age Calculator,TOOLS,4.4,24265,"1,000,000+",0,Tools,0.8500000000000001,0.7251868828498709,Positivo,8.7978
EzCalculator,TOOLS,4.1,1657,"100,000+",0,Tools,0.7749999999999999,0.8022377289168056,Positivo,8.8333
Hideman VPN,TOOLS,4.1,88675,"5,000,000+",0,Tools,0.7749999999999999,0.5684788335312929,Positivo,6.8419
Fast Secure VPN,TOOLS,4.3,56848,"1,000,000+",0,Tools,0.825,0.6537613636544153,Positivo,8.6849
Free & Premium VPN - FinchVPN,TOOLS,4.2,19096,"1,000,000+",0,Tools,0.8,0.6806082525059916,Positivo,8.729
Hotspot Shield Free VPN Proxy & Wi-Fi Security,TOOLS,4.2,1116393,"50,000,000+",0,Tools,0.8,0.7206734491660322,Positivo,8.7911
FREEDOME VPN Unlimited anonymous Wifi Security,TOOLS,4.3,39833,"1,000,000+",0,Tools,0.825,0.7266029931734829,Positivo,8.7999
"GO Keyboard - Cute Emojis, Themes and GIFs",TOOLS,4.5,4594198,"100,000,000+",0,Tools,0.875,0.7235219270738837,Positivo,8.7953
Google Handwriting Input,TOOLS,4.3,94427,"10,000,000+",0,Tools,0.825,0.7103689784223787,Positivo,8.7756
CM Locker - Security Lockscreen,TOOLS,4.6,3090727,"100,000,000+",0,Tools,0.8999999999999999,0.6873644252601324,Positivo,8.7398
AppLock - Fingerprint,TOOLS,4.4,745245,"10,000,000+",0,Tools,0.8500000000000001,0.6663211702991617,Positivo,8.7057
Evie Launcher,PERSONALIZATION,4.7,139258,"5,000,000+",0,Personalization,0.925,0.8634807912378979,Positivo,8.8333
Golden Launcher,PERSONALIZATION,4.4,32794,"5,000,000+",0,Personalization,0.8500000000000001,0.8537657477801732,Positivo,8.8333
"CM Launcher 3D - Theme, Wallpapers, Efficient",PERSONALIZATION,4.6,6702776,"100,000,000+",0,Personalization,0.8999999999999999,0.7875186847511565,Positivo,8.8333
4K Wallpapers and Ultra HD Backgrounds,PERSONALIZATION,4.6,7583,"500,000+",0,Personalization,0.8999999999999999,0.826970375756437,Positivo,8.8333
Birds Sounds Ringtones & Wallpapers,PERSONALIZATION,4.6,5073,"1,000,000+",0,Personalization,0.8999999999999999,0.7621288929565241,Positivo,8.8333
Funny Alarm Clock Ringtones,PERSONALIZATION,4.5,15633,"1,000,000+",0,Personalization,0.875,0.7179907922753661,Positivo,8.7871
Diamond Zipper Lock Screen,PERSONALIZATION,4.3,71688,"10,000,000+",0,Personalization,0.825,0.6741526066299898,Positivo,8.7185
Backgrounds (HD Wallpapers),PERSONALIZATION,4.7,202474,"10,000,000+",0,Personalization,0.925,0.8303256655376557,Positivo,8.8333
"APUS Launcher - Theme, Wallpaper, Hide Apps",PERSONALIZATION,4.5,5783441,"100,000,000+",0,Personalization,0.875,0.770592991227161,Positivo,8.8333
Apex Launcher,PERSONALIZATION,4.3,266401,"10,000,000+",0,Personalization,0.825,0.6207981958029396,Positivo,7.9164
Goku Wallpaper Art,PERSONALIZATION,4.7,6342,"1,000,000+",0,Personalization,0.925,0.8476264806214969,Positivo,8.8333
Door Lock Screen,PERSONALIZATION,4.3,5413,"1,000,000+",0,Personalization,0.825,0.8354197092038073,Positivo,8.8333
ASUS Cover for ZenFone 2,PERSONALIZATION,4.4,43960,"10,000,000+",0,Personalization,0.8500000000000001,0.5378294755193448,Positivo,6.5
Colorful Glitter Neon Butterfly Keyboard Theme,PERSONALIZATION,4.3,2056,"500,000+",0,Personalization,0.825,0.6894904098180439,Positivo,8.7431
"FUN Keyboard – Emoji Keyboard, Sticker,Theme & GIF",PERSONALIZATION,4.7,12089,"500,000+",0,Personalization,0.925,0.75096813088012,Positivo,8.8333
Freeme Launcher—Stylish Theme,PERSONALIZATION,4.1,2828,"100,000+",0,Personalization,0.7749999999999999,0.7514734479023799,Positivo,8.8333
Beautiful Widgets Pro,PERSONALIZATION,4.2,97890,"1,000,000+",$2.49,Personalization,0.8,0.6684928549958387,Positivo,8.7093
Beautiful Widgets Free,PERSONALIZATION,3.9,25037,"1,000,000+",0,Personalization,0.725,0.5574855003167349,Positivo,6.6392
HD Widgets,PERSONALIZATION,4.3,58617,"1,000,000+",$0.99,Personalization,0.825,0.7132219473786996,Positivo,8.7799
Fancy Widgets,PERSONALIZATION,4.2,37237,"5,000,000+",0,Personalization,0.8,0.7884004351989246,Positivo,8.8333
Best Wallpapers QHD,PERSONALIZATION,4.4,294701,"10,000,000+",0,Personalization,0.8500000000000001,0.8633714911611532,Positivo,8.8333
Dog Licks Screen Wallpaper,PERSONALIZATION,4.3,63624,"5,000,000+",0,Personalization,0.825,0.7270694509217261,Positivo,8.8005
Flowers Live Wallpaper,PERSONALIZATION,4.1,118459,"10,000,000+",0,Personalization,0.7749999999999999,0.7493121369046084,Positivo,8.8324
Galactic Core Free Wallpaper,PERSONALIZATION,4.1,69417,"10,000,000+",0,Personalization,0.7749999999999999,0.7565794278849363,Positivo,8.8333
Asteroids 3D live wallpaper,PERSONALIZATION,4.1,157495,"10,000,000+",0,Personalization,0.7749999999999999,0.7521926562704415,Positivo,8.8333
Backgrounds HD (Wallpapers),PERSONALIZATION,4.6,2390185,"100,000,000+",0,Personalization,0.8999999999999999,0.7757511250683209,Positivo,8.8333
Butterfly Live Wallpaper,PERSONALIZATION,4.1,35771,"5,000,000+",0,Personalization,0.7749999999999999,0.8269253970741859,Positivo,8.8333
Horses Live Wallpaper,PERSONALIZATION,4.2,28806,"1,000,000+",0,Personalization,0.8,0.7318834397751114,Positivo,8.8076
Buzz Launcher-Smart&Free Theme,PERSONALIZATION,4.4,251616,"10,000,000+",0,Personalization,0.8500000000000001,0.7111845133608478,Positivo,8.7768
BIG Launcher,PERSONALIZATION,4.3,881,"10,000+",$9.99,Personalization,0.825,0.699547736427446,Positivo,8.7589
"GO Keyboard - Emoticon keyboard, Free Theme, GIF",PERSONALIZATION,4.4,2591941,"100,000,000+",0,Personalization,0.8500000000000001,0.7409910823321113,Positivo,8.8207
2018Emoji Keyboard 😂 Emoticons Lite -sticker&gif,PERSONALIZATION,4.2,115773,"10,000,000+",0,Personalization,0.8,0.7881328711296093,Positivo,8.8333
"All-In-One Toolbox: Cleaner, Booster, App Manager",PRODUCTIVITY,4.7,536926,"10,000,000+",0,Productivity,0.925,0.7340548305595999,Positivo,8.8107
Adobe Acrobat Reader,PRODUCTIVITY,4.3,3016297,"100,000,000+",0,Productivity,0.825,0.7169032231275766,Positivo,8.7854
"AVG Cleaner – Speed, Battery & Memory Booster",PRODUCTIVITY,4.4,1188154,"10,000,000+",0,Productivity,0.8500000000000001,0.7499375442045979,Positivo,8.8332
Chrome Beta,PRODUCTIVITY,4.4,228794,"10,000,000+",0,Productivity,0.8500000000000001,0.7120822817267293,Positivo,8.7782
Google PDF Viewer,PRODUCTIVITY,4.2,226456,"10,000,000+",0,Productivity,0.8,0.6595271386885491,Positivo,8.6945
Google Keep,PRODUCTIVITY,4.4,691474,"100,000,000+",0,Productivity,0.8500000000000001,0.7008968745866838,Positivo,8.761
Archos File Manager,PRODUCTIVITY,4.0,2131,"5,000,000+",0,Productivity,0.75,0.6219164727376791,Positivo,7.9429
ASUS SuperNote,PRODUCTIVITY,4.5,26559,"10,000,000+",0,Productivity,0.875,0.6946917631437317,Positivo,8.7513
HTC File Manager,PRODUCTIVITY,4.2,13500,"10,000,000+",0,Productivity,0.8,0.5228358777451045,Positivo,6.5
Dropbox,PRODUCTIVITY,4.4,1861310,"500,000,000+",0,Productivity,0.8500000000000001,0.677492802814413,Positivo,8.7239
HTC Calendar,PRODUCTIVITY,3.9,6949,"10,000,000+",0,Productivity,0.725,0.4432932677978722,Positivo,6.2857
ASUS Calling Screen,PRODUCTIVITY,4.2,102451,"10,000,000+",0,Productivity,0.8,0.4844990444012158,Positivo,6.5
Content Transfer,PRODUCTIVITY,4.7,19302,"5,000,000+",0,Productivity,0.925,0.719977194458425,Positivo,8.79
"Evernote – Organizer, Planner for Notes & Memos",PRODUCTIVITY,4.6,1488396,"100,000,000+",0,Productivity,0.8999999999999999,0.6769366901410829,Positivo,8.723
HTC Mail,PRODUCTIVITY,3.1,6572,"10,000,000+",0,Productivity,0.525,0.5373163832903973,Positivo,5.0
Advanced Task Killer,PRODUCTIVITY,4.4,577059,"50,000,000+",0,Productivity,0.8500000000000001,0.5419309349364098,Positivo,6.5
Do It Later: Tasks & To-Dos,PRODUCTIVITY,4.5,123412,"50,000,000+",0,Productivity,0.875,0.7013091496082271,Positivo,8.7616
Hacker's Keyboard,PRODUCTIVITY,4.4,41418,"1,000,000+",0,Productivity,0.8500000000000001,0.8267983172258125,Positivo,8.8333
7 Weeks - Habit & Goal Tracker,PRODUCTIVITY,4.4,6011,"500,000+",0,Productivity,0.8500000000000001,0.8375536118640535,Positivo,8.8333
"Any.do: To-do list, Calendar, Reminders & Planner",PRODUCTIVITY,4.5,298843,"10,000,000+",0,Productivity,0.875,0.7521921309820128,Positivo,8.8333
Easy Voice Recorder,PRODUCTIVITY,4.4,205191,"10,000,000+",0,Productivity,0.8500000000000001,0.8861736501381184,Positivo,8.8333
File Browser by Astro (File Manager),PRODUCTIVITY,4.3,609182,"50,000,000+",0,Productivity,0.825,0.6644565754795809,Positivo,8.7027
File Explorer,PRODUCTIVITY,4.1,979,"100,000+",0,Productivity,0.7749999999999999,0.7471941633891231,Positivo,8.8294
AndroZip™ FREE File Manager,PRODUCTIVITY,4.2,277794,"10,000,000+",0,Productivity,0.8,0.5766426373350868,Positivo,6.9936
ColorNote Notepad Notes,PRODUCTIVITY,4.6,2401017,"100,000,000+",0,Productivity,0.8999999999999999,0.8380854387065347,Positivo,8.8333
DigiCal Calendar Agenda,PRODUCTIVITY,4.4,133573,"5,000,000+",0,Productivity,0.8500000000000001,0.7663334026435351,Positivo,8.8333
Business Calendar 2,PRODUCTIVITY,4.6,102594,"5,000,000+",0,Productivity,0.8999999999999999,0.7830364060666148,Positivo,8.8333
G Cloud Backup,PRODUCTIVITY,4.6,267189,"5,000,000+",0,Productivity,0.8999999999999999,0.7699803655532863,Positivo,8.8333
Amazon Drive,PRODUCTIVITY,4.4,18669,"1,000,000+",0,Productivity,0.8500000000000001,0.6557009813071141,Positivo,8.6881
Baby Panda Learns Shapes,PARENTING,4.0,3789,"1,000,000+",0,Parenting;Education,0.75,0.7635161475758372,Positivo,8.8333
Family Album Mitene: Private Photo & Video Sharing,PARENTING,4.7,34336,"1,000,000+",0,Parenting,0.925,0.8458361999914825,Positivo,8.8333
Family GPS Tracker and Chat + Baby Monitor Online,PARENTING,4.4,9073,"500,000+",0,Parenting,0.8500000000000001,0.8252282535163056,Positivo,8.8333
Baby Name Together,PARENTING,4.0,464,"100,000+",0,Parenting,0.75,0.7594862069729981,Positivo,8.8333
"Amazon FreeTime – Kids’ Videos, Books, & TV shows",PARENTING,4.2,2715,"500,000+",0,Parenting;Music & Video,0.8,0.8407465348929524,Positivo,8.8333
Baby Panda Musical Genius,PARENTING,4.0,3346,"1,000,000+",0,Parenting;Music & Video,0.75,0.7410034185809384,Positivo,8.8207
Baby Monitor,PARENTING,4.4,5343,"1,000,000+",0,Parenting,0.8500000000000001,0.8028775810492449,Positivo,8.8333
Daniel Tiger for Parents,PARENTING,4.7,247,"100,000+",0,Parenting;Music & Video,0.925,0.8598968531677036,Positivo,8.8333
AccuWeather: Daily Forecast & Live Weather Reports,WEATHER,4.4,2053404,"50,000,000+",0,Weather,0.8500000000000001,0.6818064963327148,Positivo,8.7309
Free live weather on screen,WEATHER,4.4,15370,"1,000,000+",0,Weather,0.8500000000000001,0.8074190207574256,Positivo,8.8333
APE Weather ( Live Forecast),WEATHER,4.3,20008,"5,000,000+",0,Weather,0.825,0.8413895284994192,Positivo,8.8333
"GO Weather - Widget, Theme, Wallpaper, Efficient",WEATHER,4.5,1422858,"50,000,000+",0,Weather,0.875,0.7382656703769747,Positivo,8.8168
HTC Weather,WEATHER,3.9,22154,"10,000,000+",0,Weather,0.725,0.6095352513698867,Positivo,7.6583
ForecaWeather,WEATHER,4.2,18425,"1,000,000+",0,Weather,0.8,0.791409013525326,Positivo,8.8333
All Video Downloader 2018,VIDEO_PLAYERS,4.3,7557,"1,000,000+",0,Video Players & Editors,0.825,0.7871472036270207,Positivo,8.8333
HD Video Player,VIDEO_PLAYERS,4.3,1551,"1,000,000+",0,Video Players & Editors,0.825,0.6674127377821979,Positivo,8.7075
HD Movie Video Player,VIDEO_PLAYERS,4.5,18699,"1,000,000+",0,Video Players & Editors,0.875,0.6502771786679089,Positivo,8.679
HTC Service － DLNA,VIDEO_PLAYERS,3.9,3484,"10,000,000+",0,Video Players & Editors,0.725,0.5259621626269535,Positivo,6.5
HTC Service—Video Player,VIDEO_PLAYERS,4.2,6449,"5,000,000+",0,Video Players & Editors,0.8,0.6217113937618575,Positivo,7.938
Droid Zap by Motorola,VIDEO_PLAYERS,3.8,2093,"5,000,000+",0,Video Players & Editors,0.7,0.46223480956624946,Positivo,6.5
HTC Gallery,VIDEO_PLAYERS,4.1,45744,"10,000,000+",0,Video Players & Editors,0.7749999999999999,0.5752229431390864,Positivo,6.967
BluTV,VIDEO_PLAYERS,3.9,28835,"1,000,000+",0,Video Players & Editors,0.725,0.7193281871010204,Positivo,8.7891
"Fox News – Breaking News, Live Video & News Alerts",NEWS_AND_MAGAZINES,4.5,249919,"10,000,000+",0,News & Magazines,0.875,0.48471416650822247,Positivo,6.5
BBC News,NEWS_AND_MAGAZINES,4.3,296781,"10,000,000+",0,News & Magazines,0.825,0.6128077800927574,Positivo,7.7316
"Free TV Shows App:News, TV Series, Episode, Movies",NEWS_AND_MAGAZINES,4.6,29706,"1,000,000+",0,News & Magazines,0.8999999999999999,0.7670906691266817,Positivo,8.8333
CNN Breaking US & World News,NEWS_AND_MAGAZINES,4.0,293080,"10,000,000+",0,News & Magazines,0.75,0.5955876765356398,Positivo,7.3614
"Dailyhunt (Newshunt) - Latest News, Viral Videos",NEWS_AND_MAGAZINES,4.3,948198,"50,000,000+",0,News & Magazines,0.825,0.5779237241133952,Positivo,7.0176
ARY NEWS URDU,NEWS_AND_MAGAZINES,4.4,1071,"500,000+",0,News & Magazines,0.8500000000000001,0.6736213187636305,Positivo,8.7177
Google News,NEWS_AND_MAGAZINES,3.9,877635,"1,000,000,000+",0,News & Magazines,0.725,0.6727939342639965,Positivo,8.7163
"Breaking News, Local news, Attacks and Alerts Free",NEWS_AND_MAGAZINES,4.7,2543,"500,000+",0,News & Magazines,0.925,0.6855115040678903,Positivo,8.7368
ARY NEWS,NEWS_AND_MAGAZINES,4.4,2959,"1,000,000+",0,News & Magazines,0.8500000000000001,0.6860564851286781,Positivo,8.7377
Flipboard: News For Our Time,NEWS_AND_MAGAZINES,4.4,1284017,"500,000,000+",0,News & Magazines,0.8500000000000001,0.7862221562718616,Positivo,8.8333
BeyondPod Podcast Manager,NEWS_AND_MAGAZINES,3.9,32121,"1,000,000+",0,News & Magazines,0.725,0.7025398331593049,Positivo,8.7636
"BuzzFeed: News, Tasty, Quizzes",NEWS_AND_MAGAZINES,4.3,131028,"5,000,000+",0,News & Magazines,0.825,0.6454119154560674,Positivo,8.5483
Fast News,NEWS_AND_MAGAZINES,4.4,84957,"1,000,000+",0,News & Magazines,0.8500000000000001,0.7682738311493283,Positivo,8.8333
Financial Times,NEWS_AND_MAGAZINES,4.2,27104,"1,000,000+",0,News & Magazines,0.8,0.7469999685096674,Positivo,8.8292
Digg,NEWS_AND_MAGAZINES,3.9,6105,"100,000+",0,News & Magazines,0.725,0.5632505829945319,Positivo,6.7455
Bloomberg: Market & Financial News,NEWS_AND_MAGAZINES,4.2,61692,"10,000,000+",0,News & Magazines,0.8,0.5892867294469574,Positivo,7.2356
Haystack TV: Local & World News - Free,NEWS_AND_MAGAZINES,4.3,3684,"100,000+",0,News & Magazines,0.825,0.8342967698545215,Positivo,8.8333
ABC News - US & World News,NEWS_AND_MAGAZINES,4.0,18976,"1,000,000+",0,News & Magazines,0.75,0.44756019137277653,Positivo,6.4194
AP Mobile - Breaking News,NEWS_AND_MAGAZINES,4.5,76677,"1,000,000+",0,News & Magazines,0.875,0.7702961438857909,Positivo,8.8333
AC - Tips & News for Android™,NEWS_AND_MAGAZINES,4.2,23292,"1,000,000+",0,News & Magazines,0.8,0.5894457733516856,Positivo,7.2387
"AOL - News, Mail & Video",NEWS_AND_MAGAZINES,4.1,62465,"5,000,000+",0,News & Magazines,0.7749999999999999,0.6009288216478574,Positivo,7.4718
BaconReader for Reddit,NEWS_AND_MAGAZINES,4.5,103074,"1,000,000+",0,News & Magazines,0.875,0.7180061403299305,Positivo,8.7871
Air Traffic,MAPS_AND_NAVIGATION,4.3,14110,"1,000,000+",0,Maps & Navigation,0.825,0.7417719236576477,Positivo,8.8218
Atlan3D Navigation: Korea navigator,MAPS_AND_NAVIGATION,4.2,22063,"1,000,000+",0,Maps & Navigation,0.8,0.7510177767467973,Positivo,8.8333
Czech Public Transport IDOS,MAPS_AND_NAVIGATION,4.3,26014,"1,000,000+",0,Maps & Navigation,0.825,0.7536062288579278,Positivo,8.8333
GPS Speedometer and Odometer,MAPS_AND_NAVIGATION,4.8,15865,"1,000,000+",0,Maps & Navigation,0.95,0.9486707097498963,Positivo,8.8333
GPS Traffic Speedcam Route Planner by ViaMichelin,MAPS_AND_NAVIGATION,4.3,63920,"5,000,000+",0,Maps & Navigation,0.825,0.7146217283206265,Positivo,8.782
"GPS Speedometer, Distance Meter",MAPS_AND_NAVIGATION,4.6,16094,"1,000,000+",0,Maps & Navigation,0.8999999999999999,0.8037432021946453,Positivo,8.8333
FindShip,MAPS_AND_NAVIGATION,4.2,23279,"1,000,000+",0,Maps & Navigation,0.8,0.6620834829827773,Positivo,8.6987
A Call From Santa Claus!,FAMILY,3.9,3720,"1,000,000+",0,Entertainment,0.725,0.6236573459571354,Positivo,7.9846
A Word A Day,FAMILY,3.7,2398,"500,000+",0,Education,0.675,0.8240820576892744,Positivo,8.7199
Akinator,FAMILY,4.3,1805398,"50,000,000+",0,Entertainment,0.825,0.5400091630891675,Positivo,6.5
Dog Sim Online: Raise a Family,FAMILY,4.6,94989,"5,000,000+",0,Simulation,0.8999999999999999,0.8047198164955819,Positivo,8.8333
Color by Number - Draw Sandbox Pixel Art,FAMILY,4.6,10247,"1,000,000+",0,Entertainment,0.8999999999999999,0.7280271489962281,Positivo,8.802
A+ Mobile,FINANCE,3.9,730,"10,000+",0,Finance,0.725,0.7483111833777579,Positivo,8.7975
Build a Bridge!,FAMILY,4.6,263454,"10,000,000+",0,Puzzle,0.8999999999999999,0.6671968582388178,Positivo,8.7072
Find a Way: Addictive Puzzle,FAMILY,4.8,39480,"500,000+",0,Puzzle,0.95,0.7516937274380538,Positivo,8.8333
Comptia A+ 220-901 & 220-902,FAMILY,4.4,174,"10,000+",0,Education,0.8500000000000001,0.8602030377878095,Positivo,8.8333
Azar,COMMUNICATION,4.2,1092337,"50,000,000+",0,Communication,0.8,0.5979777412891367,Positivo,7.4104
4 in a Row,GAME,3.8,4257,"500,000+",0,Board,0.7,0.7862537350800726,Positivo,8.7596
Asphalt 8: Airborne,GAME,4.5,8389714,"100,000,000+",0,Racing,0.875,0.5379939227837384,Positivo,6.5
Basketball Stars,SPORTS,4.4,867920,"10,000,000+",0,Sports,0.8500000000000001,0.5383179732374065,Positivo,6.5
Fake Call - Fake Caller ID,PRODUCTIVITY,4.3,154668,"10,000,000+",0,Productivity,0.825,0.698994647349914,Positivo,8.7581
Four In A Line Free,GAME,4.3,133195,"5,000,000+",0,Board,0.825,0.7183603965109915,Positivo,8.7876
AutoCAD - DWG Viewer & Editor,PRODUCTIVITY,4.2,145088,"10,000,000+",0,Productivity,0.8,0.6928597003450248,Positivo,8.7485
Fortune City - A Finance App,FINANCE,4.6,49275,"500,000+",0,Finance,0.8999999999999999,0.8480216666364443,Positivo,8.8333
Be A Legend: Soccer,SPORTS,3.8,85763,"1,000,000+",0,Sports,0.7,0.37733965325994867,Negativo,4.5734
Bible,BOOKS_AND_REFERENCE,4.7,2440695,"100,000,000+",0,Books & Reference,0.925,0.8327213766918938,Positivo,8.8333
Cat Sim Online: Play with Cats,FAMILY,4.6,137198,"5,000,000+",0,Simulation,0.8999999999999999,0.7602847842580408,Positivo,8.8333
Four In A Line,GAME,3.8,22191,"1,000,000+",0,Board,0.7,0.7523648430692366,Positivo,8.7596
Hay Day,FAMILY,4.5,10053186,"100,000,000+",0,Casual,0.875,0.5994230984495387,Positivo,7.4403
Fruit Ninja®,GAME,4.3,5091448,"100,000,000+",0,Arcade,0.825,0.7586575539500828,Positivo,8.8333
"DU Recorder – Screen Recorder, Video Editor, Live",VIDEO_PLAYERS,4.8,2588730,"50,000,000+",0,Video Players & Editors,0.95,0.6874390830709762,Positivo,8.7399
Bad Piggies,FAMILY,4.3,1168959,"50,000,000+",0,Puzzle,0.825,0.4711770670756431,Negativo,6.5
Dumb Ways to Die 2: The Games,FAMILY,4.2,1671658,"50,000,000+",0,Casual,0.8,0.5856247277816964,Positivo,7.1643
"AD - Nieuws, Sport, Regio & Entertainment",NEWS_AND_MAGAZINES,3.7,10369,"1,000,000+",0,News & Magazines,0.675,0.6930764538251891,Positivo,8.7199
AppLock,TOOLS,4.4,4931562,"100,000,000+",0,Tools,0.8500000000000001,0.492699639664468,Positivo,6.5
Diary with lock password,LIFESTYLE,4.3,179139,"5,000,000+",0,Lifestyle,0.825,0.7784533240799493,Positivo,8.8333
Avakin Life - 3D virtual world,FAMILY,4.4,1275373,"10,000,000+",0,Role Playing,0.8500000000000001,0.698507565357991,Positivo,8.7573
A+ Gallery - Photos & Videos,PHOTOGRAPHY,4.5,223941,"10,000,000+",0,Photography,0.875,0.7284298040919264,Positivo,8.8025
